name,datetime,tempmax,tempmin,temp,feelslikemax,feelslikemin,feelslike,dew,humidity,precip,precipprob,precipcover,preciptype,snow,snowdepth,windgust,windspeed,winddir,sealevelpressure,cloudcover,visibility,solarradiation,solarenergy,uvindex,severerisk,sunrise,sunset,moonphase,conditions,description,icon,stations
"Colombo, Western, Sri Lanka",2023-05-11,89.7,75.3,82.4,108.4,75.3,89.9,78.0,87.1,0.725,100.0,25.0,rain,0.0,0.0,27.7,15.0,206.9,1008.9,77.5,7.7,204.6,17.7,7.0,30.0,2023-05-11T05:54:36,2023-05-11T18:19:35,0.7,"Rain, Partially cloudy",Partly cloudy throughout the day with rain.,rain,"43450099999,43467099999,43486099999,43466099999"
"Colombo, Western, Sri Lanka",2023-05-12,89.7,77.1,84.5,105.4,77.1,95.8,78.7,83.3,0.156,100.0,20.83,rain,0.0,0.0,29.3,18.3,224.2,1009.9,65.7,8.0,226.3,19.6,7.0,60.0,2023-05-12T05:54:26,2023-05-12T18:19:42,0.75,"Rain, Partially cloudy",Partly cloudy throughout the day with rain.,rain,"43450099999,43467099999,43486099999,43466099999"
"Colombo, Western, Sri Lanka",2023-05-13,89.7,80.7,85.2,105.4,87.4,96.6,77.9,79.3,0.092,100.0,37.5,rain,0.0,0.0,29.8,16.1,228.2,1010.6,57.6,8.0,208.4,18.0,8.0,75.0,2023-05-13T05:54:16,2023-05-13T18:19:50,0.77,"Rain, Partially cloudy",Partly cloudy throughout the day with a chance of rain throughout the day.,rain,"43450099999,43467099999,43486099999,43466099999"
"Colombo, Western, Sri Lanka",2023-05-14,89.7,80.7,84.7,108.4,88.4,97.4,79.5,84.8,0.593,100.0,41.67,rain,0.0,0.0,25.5,17.2,226.2,1009.6,72.4,7.8,124.9,10.6,5.0,75.0,2023-05-14T05:54:08,2023-05-14T18:19:58,0.81,"Rain, Partially cloudy",Partly cloudy throughout the day with a chance of rain throughout the day.,rain,"43450099999,43467099999,43486099999,43466099999"
"Colombo, Western, Sri Lanka",2023-05-15,89.0,82.5,85.8,106.7,92.7,99.5,79.3,81.2,0.077,100.0,25.0,rain,0.0,0.0,22.1,13.9,236.6,1009.7,61.9,8.1,230.8,19.9,8.0,100.0,2023-05-15T05:54:00,2023-05-15T18:20:06,0.84,"Rain, Partially cloudy",Partly cloudy throughout the day with a chance of rain throughout the day.,rain,"43450099999,43467099999,43486099999,43466099999"
"Colombo, Western, Sri Lanka",2023-05-16,91.5,80.7,86.0,111.2,88.4,100.7,80.1,83.0,0.01,100.0,4.17,rain,0.0,0.0,19.7,9.2,241.6,1009.8,51.5,8.4,234.5,20.0,8.0,100.0,2023-05-16T05:53:53,2023-05-16T18:20:15,0.88,"Rain, Partially cloudy",Partly cloudy throughout the day with early morning rain.,rain,"43450099999,43467099999,43486099999,43466099999,remote"
"Colombo, Western, Sri Lanka",2023-05-17,89.7,80.7,85.7,108.4,89.6,100.4,80.4,84.6,0.007,100.0,4.17,rain,0.0,0.0,19.5,12.8,220.8,1010.3,55.9,7.9,236.5,20.4,8.0,75.0,2023-05-17T05:53:46,2023-05-17T18:20:24,0.91,"Rain, Partially cloudy",Partly cloudy throughout the day with afternoon rain.,rain,"43450099999,43467099999,43486099999,43466099999"
"Colombo, Western, Sri Lanka",2023-05-18,89.7,80.7,85.5,108.4,89.6,98.9,79.4,82.7,0.015,100.0,8.33,rain,0.0,0.0,19.7,13.9,209.2,1011.4,49.9,8.3,243.1,20.9,8.0,75.0,2023-05-18T05:53:40,2023-05-18T18:20:33,0.95,"Rain, Partially cloudy",Partly cloudy throughout the day with rain.,rain,"43450099999,43467099999,43486099999,43466099999,remote"
"Colombo, Western, Sri Lanka",2023-05-19,89.7,78.9,84.5,105.4,78.9,94.9,78.3,82.2,0.002,100.0,4.17,rain,0.0,0.0,22.6,15.0,207.0,1010.9,45.7,8.1,238.2,20.4,8.0,30.0,2023-05-19T05:53:35,2023-05-19T18:20:43,0.0,"Rain, Partially cloudy",Partly cloudy throughout the day with late afternoon rain.,rain,"43450099999,43467099999,43486099999,43466099999"
"Colombo, Western, Sri Lanka",2023-05-20,89.7,78.5,83.3,102.8,78.5,92.0,77.8,84.2,1.03,100.0,12.5,rain,0.0,0.0,20.6,17.2,205.1,1010.2,67.0,8.0,231.9,20.1,8.0,30.0,2023-05-20T05:53:31,2023-05-20T18:20:54,0.02,"Rain, Partially cloudy",Partly cloudy throughout the day with rain.,rain,"43450099999,43467099999,43486099999,43466099999"
"Colombo, Western, Sri Lanka",2023-05-21,87.9,77.2,81.4,100.2,77.2,86.8,76.6,85.7,1.171,100.0,20.83,rain,0.0,0.0,21.7,12.8,195.9,1011.0,61.1,7.4,203.3,17.5,7.0,60.0,2023-05-21T05:53:28,2023-05-21T18:21:04,0.05,"Rain, Partially cloudy",Partly cloudy throughout the day with a chance of rain throughout the day.,rain,"43450099999,43467099999,43486099999,43466099999"
"Colombo, Western, Sri Lanka",2023-05-22,91.5,76.7,83.5,108.1,76.7,91.4,76.7,81.2,0.0,0.0,0.0,rain,0.0,0.0,20.8,16.1,206.7,1011.7,36.8,8.1,243.2,20.9,8.0,60.0,2023-05-22T05:53:25,2023-05-22T18:21:15,0.08,Partially cloudy,Partly cloudy throughout the day.,partly-cloudy-day,"43450099999,43467099999,43486099999,43466099999"
"Colombo, Western, Sri Lanka",2023-05-23,89.7,78.9,84.2,105.4,78.9,93.4,78.0,82.2,0.003,100.0,4.17,rain,0.0,0.0,17.0,11.4,220.4,1011.6,38.1,8.2,252.9,21.7,8.0,60.0,2023-05-23T05:53:22,2023-05-23T18:21:27,0.12,"Rain, Partially cloudy",Partly cloudy throughout the day with late afternoon rain.,rain,"43450099999,43467099999,43486099999,43466099999"
"Colombo, Western, Sri Lanka",2023-05-24,89.7,78.9,84.4,105.4,78.9,93.4,77.4,80.3,0.0,0.0,0.0,rain,0.0,0.0,18.1,11.4,215.6,1011.7,36.9,8.2,245.2,21.1,8.0,30.0,2023-05-24T05:53:21,2023-05-24T18:21:38,0.15,Partially cloudy,Partly cloudy throughout the day.,partly-cloudy-day,"43450099999,43467099999,43486099999,43466099999"
"Colombo, Western, Sri Lanka",2023-05-25,89.7,78.9,84.7,105.4,78.9,94.3,77.5,79.7,0.0,0.0,0.0,rain,0.0,0.0,21.3,12.8,218.8,1012.1,47.1,8.9,242.4,20.9,8.0,60.0,2023-05-25T05:53:20,2023-05-25T18:21:50,0.18,Partially cloudy,Partly cloudy throughout the day.,partly-cloudy-day,"43450099999,43467099999,43486099999,43466099999,remote"
"Colombo, Western, Sri Lanka",2023-05-26,89.7,80.7,85.6,105.5,87.4,97.7,78.5,79.9,0.001,100.0,4.17,rain,0.0,0.0,22.8,13.9,235.8,1012.2,60.0,8.6,248.2,21.3,9.0,75.0,2023-05-26T05:53:20,2023-05-26T18:22:03,0.21,"Rain, Partially cloudy",Partly cloudy throughout the day with early morning rain.,rain,"43450099999,43467099999,43486099999,43466099999,remote"
"Colombo, Western, Sri Lanka",2023-05-27,89.7,80.7,85.9,108.4,88.4,99.0,78.9,80.2,0.242,100.0,8.33,rain,0.0,0.0,21.3,11.4,237.3,1010.3,59.2,8.6,236.7,20.4,8.0,60.0,2023-05-27T05:53:21,2023-05-27T18:22:15,0.25,"Rain, Partially cloudy",Partly cloudy throughout the day with rain clearing later.,rain,"43450099999,43467099999,43486099999,remote,43466099999"
"Colombo, Western, Sri Lanka",2023-05-28,89.7,82.5,86.5,108.4,92.7,101.5,79.9,81.2,0.101,100.0,12.5,rain,0.0,0.0,21.5,12.8,241.6,1009.0,67.7,8.1,229.0,19.8,8.0,75.0,2023-05-28T05:53:22,2023-05-28T18:22:28,0.28,"Rain, Partially cloudy",Partly cloudy throughout the day with rain clearing later.,rain,"43450099999,43467099999,43486099999,43466099999"
"Colombo, Western, Sri Lanka",2023-05-29,91.5,80.7,85.8,108.1,88.4,99.5,79.6,82.3,0.003,100.0,4.17,rain,0.0,0.0,18.6,11.4,222.8,1009.1,52.5,8.0,251.6,21.7,8.0,75.0,2023-05-29T05:53:24,2023-05-29T18:22:41,0.31,"Rain, Partially cloudy",Partly cloudy throughout the day with early morning rain.,rain,"43450099999,43467099999,43486099999,43466099999"
"Colombo, Western, Sri Lanka",2023-05-30,91.5,78.9,85.2,108.1,78.9,96.8,79.0,82.5,0.112,100.0,12.5,rain,0.0,0.0,17.7,10.3,228.6,1009.7,52.2,7.9,210.7,18.2,7.0,60.0,2023-05-30T05:53:26,2023-05-30T18:22:55,0.34,"Rain, Partially cloudy",Partly cloudy throughout the day with rain.,rain,"43450099999,43467099999,43486099999,43466099999"
"Colombo, Western, Sri Lanka",2023-05-31,91.5,78.2,85.3,111.2,78.2,96.1,78.1,79.7,0.288,100.0,8.33,rain,0.0,0.0,21.7,11.4,220.7,1009.4,49.5,8.1,243.6,21.2,8.0,60.0,2023-05-31T05:53:30,2023-05-31T18:23:08,0.37,"Rain, Partially cloudy",Partly cloudy throughout the day with early morning rain.,rain,"43450099999,43467099999,43486099999,43466099999"
"Colombo, Western, Sri Lanka",2023-06-01,89.7,79.7,84.7,107.1,79.7,96.9,79.0,83.4,0.149,100.0,25.0,rain,0.0,0.0,21.9,11.4,230.1,1009.4,75.5,8.5,227.5,19.6,8.0,30.0,2023-06-01T05:53:33,2023-06-01T18:23:22,0.41,"Rain, Partially cloudy",Partly cloudy throughout the day with a chance of rain throughout the day.,rain,"43450099999,43467099999,43486099999,43466099999,remote"
"Colombo, Western, Sri Lanka",2023-06-02,89.9,77.1,85.8,108.4,77.1,99.1,79.2,81.2,0.12,100.0,37.5,rain,0.0,0.0,22.6,12.8,237.4,1009.8,60.7,8.0,213.9,18.4,7.0,60.0,2023-06-02T05:53:38,2023-06-02T18:23:36,0.44,"Rain, Partially cloudy",Partly cloudy throughout the day with a chance of rain throughout the day.,rain,"43450099999,43467099999,43486099999,43466099999"
"Colombo, Western, Sri Lanka",2023-06-03,91.5,82.6,86.5,111.2,93.9,101.3,79.7,80.6,0.285,100.0,8.33,rain,0.0,0.0,23.5,15.0,236.9,1009.7,56.5,8.1,225.0,19.3,8.0,60.0,2023-06-03T05:53:43,2023-06-03T18:23:50,0.47,"Rain, Partially cloudy",Partly cloudy throughout the day with early morning rain.,rain,"43450099999,43467099999,43486099999,43466099999"
"Colombo, Western, Sri Lanka",2023-06-04,89.7,82.5,85.6,105.1,92.6,98.1,78.5,79.8,0.112,100.0,16.67,rain,0.0,0.0,26.4,13.9,238.5,1009.6,50.4,8.1,216.2,18.6,8.0,60.0,2023-06-04T05:53:48,2023-06-04T18:24:05,0.5,"Rain, Partially cloudy",Partly cloudy throughout the day with a chance of rain throughout the day.,rain,"43450099999,43467099999,43486099999,43466099999"
"Colombo, Western, Sri Lanka",2023-06-05,89.7,78.9,84.2,105.4,78.9,94.3,78.4,83.4,0.198,100.0,33.33,rain,0.0,0.0,24.6,12.8,231.0,1009.2,75.7,8.0,219.7,18.9,7.0,60.0,2023-06-05T05:53:55,2023-06-05T18:24:19,0.54,"Rain, Partially cloudy",Partly cloudy throughout the day with a chance of rain throughout the day.,rain,"43450099999,43467099999,43486099999,43466099999"
"Colombo, Western, Sri Lanka",2023-06-06,89.7,82.2,85.4,108.4,92.0,98.6,79.2,81.9,0.116,100.0,16.67,rain,0.0,0.0,24.2,13.9,237.8,1008.8,69.7,8.0,213.1,18.6,7.0,75.0,2023-06-06T05:54:01,2023-06-06T18:24:33,0.58,"Rain, Partially cloudy",Partly cloudy throughout the day with a chance of rain throughout the day.,rain,"43450099999,43467099999,43486099999,43466099999"
"Colombo, Western, Sri Lanka",2023-06-07,89.7,81.9,85.3,108.4,90.6,97.9,78.7,80.8,0.395,100.0,41.67,rain,0.0,0.0,28.2,13.9,237.9,1009.1,69.6,8.4,149.1,12.9,7.0,75.0,2023-06-07T05:54:09,2023-06-07T18:24:48,0.61,"Rain, Partially cloudy",Partly cloudy throughout the day with a chance of rain throughout the day.,rain,"43450099999,43467099999,43486099999,43466099999,remote"
"Colombo, Western, Sri Lanka",2023-06-08,88.5,82.5,84.5,103.7,91.1,96.1,78.4,82.3,0.414,100.0,41.67,rain,0.0,0.0,25.7,13.2,239.2,1009.5,63.5,8.5,208.5,18.0,8.0,60.0,2023-06-08T05:54:17,2023-06-08T18:25:03,0.65,"Rain, Partially cloudy",Partly cloudy throughout the day with a chance of rain throughout the day.,rain,"43450099999,43467099999,43486099999,43466099999,remote"
"Colombo, Western, Sri Lanka",2023-06-09,89.7,80.7,84.5,105.5,88.4,95.8,78.4,82.4,0.173,100.0,29.17,rain,0.0,0.0,27.5,17.2,226.6,1008.9,64.9,8.1,227.3,19.7,8.0,60.0,2023-06-09T05:54:25,2023-06-09T18:25:17,0.68,"Rain, Partially cloudy",Partly cloudy throughout the day with a chance of rain throughout the day.,rain,"43450099999,43467099999,43486099999,43466099999"
"Colombo, Western, Sri Lanka",2023-06-10,87.9,78.9,84.2,100.5,78.9,93.5,77.6,81.3,0.289,100.0,12.5,rain,0.0,0.0,27.5,15.0,228.6,1008.2,62.0,8.1,234.2,20.2,8.0,60.0,2023-06-10T05:54:34,2023-06-10T18:25:32,0.72,"Rain, Partially cloudy",Partly cloudy throughout the day with rain clearing later.,rain,"43450099999,43467099999,43486099999,43466099999"
"Colombo, Western, Sri Lanka",2023-06-11,87.9,77.1,81.1,102.7,77.1,87.1,78.0,90.4,1.33,100.0,41.67,rain,0.0,0.0,24.4,10.3,184.1,1007.8,77.3,7.8,190.2,16.6,6.0,60.0,2023-06-11T05:54:43,2023-06-11T18:25:47,0.75,"Rain, Partially cloudy",Partly cloudy throughout the day with a chance of rain throughout the day.,rain,"43450099999,43467099999,43486099999,43466099999,remote"
"Colombo, Western, Sri Lanka",2023-06-12,89.7,77.1,82.0,108.4,77.1,89.6,78.7,90.3,1.491,100.0,50.0,rain,0.0,0.0,25.5,13.9,232.5,1007.7,73.9,7.7,198.6,17.0,7.0,60.0,2023-06-12T05:54:53,2023-06-12T18:26:01,0.79,"Rain, Partially cloudy",Partly cloudy throughout the day with a chance of rain throughout the day.,rain,"43450099999,43467099999,43486099999,43466099999,remote"
"Colombo, Western, Sri Lanka",2023-06-13,87.9,77.1,82.2,100.2,77.1,89.3,77.3,86.0,0.485,100.0,29.17,rain,0.0,0.0,26.4,11.4,229.0,1008.6,65.9,7.8,209.4,18.0,8.0,30.0,2023-06-13T05:55:03,2023-06-13T18:26:16,0.82,"Rain, Partially cloudy",Partly cloudy throughout the day with a chance of rain throughout the day.,rain,"43450099999,43467099999,43486099999,43466099999"
"Colombo, Western, Sri Lanka",2023-06-14,87.9,78.9,83.8,100.4,78.9,92.9,77.4,81.5,0.0,0.0,0.0,rain,0.0,0.0,26.8,11.4,233.0,1009.5,57.1,8.5,188.0,16.3,7.0,60.0,2023-06-14T05:55:13,2023-06-14T18:26:30,0.86,Partially cloudy,Partly cloudy throughout the day.,partly-cloudy-day,"43450099999,43467099999,43486099999,43466099999,remote"
"Colombo, Western, Sri Lanka",2023-06-15,87.9,80.7,84.6,105.5,87.4,96.8,78.8,83.0,0.044,100.0,20.83,rain,0.0,0.0,22.1,12.8,232.5,1009.1,70.8,9.6,200.3,17.3,7.0,75.0,2023-06-15T05:55:24,2023-06-15T18:26:45,0.9,"Rain, Partially cloudy",Partly cloudy throughout the day with a chance of rain throughout the day.,rain,"43450099999,43467099999,43486099999,remote,43466099999"
"Colombo, Western, Sri Lanka",2023-06-16,89.7,83.9,85.9,105.4,93.9,97.8,77.8,77.0,0.006,100.0,8.33,rain,0.0,0.0,26.8,12.8,238.5,1008.7,57.7,7.9,236.7,20.4,8.0,75.0,2023-06-16T05:55:36,2023-06-16T18:26:59,0.93,"Rain, Partially cloudy",Partly cloudy throughout the day with rain.,rain,"43450099999,43467099999,43486099999,43466099999"
"Colombo, Western, Sri Lanka",2023-06-17,87.9,83.6,85.2,102.7,93.3,97.0,78.0,79.1,0.053,100.0,12.5,rain,0.0,0.0,25.9,13.9,238.4,1009.5,72.1,7.9,189.4,16.4,7.0,75.0,2023-06-17T05:55:47,2023-06-17T18:27:13,0.97,"Rain, Partially cloudy",Partly cloudy throughout the day with rain in the morning and afternoon.,rain,"43450099999,43467099999,43486099999,43466099999"
"Colombo, Western, Sri Lanka",2023-06-18,87.9,82.5,84.4,100.2,91.1,95.7,78.2,81.9,0.017,100.0,12.5,rain,0.0,0.0,26.2,16.1,241.3,1009.1,81.8,8.3,202.8,17.6,8.0,30.0,2023-06-18T05:55:59,2023-06-18T18:27:27,0.0,"Rain, Partially cloudy",Partly cloudy throughout the day with rain clearing later.,rain,"43450099999,43467099999,43486099999,43466099999,remote"
"Colombo, Western, Sri Lanka",2023-06-19,89.7,82.5,84.9,105.4,91.1,96.4,78.1,80.3,0.014,100.0,8.33,rain,0.0,0.0,24.6,11.4,236.4,1007.8,58.6,8.0,208.0,18.0,8.0,30.0,2023-06-19T05:56:12,2023-06-19T18:27:40,0.04,"Rain, Partially cloudy",Partly cloudy throughout the day with rain.,rain,"43450099999,43467099999,43486099999,43466099999"
"Colombo, Western, Sri Lanka",2023-06-20,87.9,78.9,83.8,102.7,78.9,94.3,78.8,85.5,0.379,100.0,33.33,rain,0.0,0.0,23.9,15.0,219.6,1007.1,62.7,7.7,211.8,18.3,7.0,30.0,2023-06-20T05:56:24,2023-06-20T18:27:54,0.07,"Rain, Partially cloudy",Partly cloudy throughout the day with rain.,rain,"43450099999,43467099999,43486099999,43466099999"
"Colombo, Western, Sri Lanka",2023-06-21,87.9,78.9,83.4,102.7,78.9,94.2,78.9,86.7,0.44,100.0,29.17,rain,0.0,0.0,22.6,16.1,219.2,1008.0,64.9,8.2,171.8,14.5,5.0,30.0,2023-06-21T05:56:37,2023-06-21T18:28:07,0.1,"Rain, Partially cloudy",Partly cloudy throughout the day with a chance of rain throughout the day.,rain,"43450099999,43467099999,43486099999,43466099999"
"Colombo, Western, Sri Lanka",2023-06-22,88.6,78.8,83.4,106.9,78.8,92.5,78.6,86.0,0.466,100.0,8.33,rain,0.0,0.0,21.3,12.8,202.3,1008.3,62.2,7.9,241.8,20.7,8.0,60.0,2023-06-22T05:56:50,2023-06-22T18:28:20,0.13,"Rain, Partially cloudy",Partly cloudy throughout the day with early morning rain.,rain,"43450099999,43467099999,43486099999,43466099999"
"Colombo, Western, Sri Lanka",2023-06-23,87.9,78.9,83.9,102.7,78.9,94.2,78.4,84.0,0.056,100.0,16.67,rain,0.0,0.0,22.8,13.9,215.2,1008.7,56.8,8.3,211.2,18.1,8.0,60.0,2023-06-23T05:57:03,2023-06-23T18:28:33,0.17,"Rain, Partially cloudy",Partly cloudy throughout the day with a chance of rain throughout the day.,rain,"43450099999,43467099999,43486099999,43466099999,remote"
"Colombo, Western, Sri Lanka",2023-06-24,88.6,78.9,84.3,102.3,78.9,93.6,77.5,80.5,0.007,100.0,4.17,rain,0.0,0.0,23.3,13.9,225.9,1007.9,59.1,8.1,246.1,21.3,8.0,60.0,2023-06-24T05:57:17,2023-06-24T18:28:45,0.2,"Rain, Partially cloudy",Partly cloudy throughout the day with early morning rain.,rain,"43450099999,43467099999,43486099999,43466099999"
"Colombo, Western, Sri Lanka",2023-06-25,86.1,78.9,83.3,97.5,78.9,92.4,77.2,82.1,0.099,100.0,37.5,rain,0.0,0.0,25.3,21.9,230.0,1008.7,72.2,7.7,198.2,17.1,7.0,60.0,2023-06-25T05:57:30,2023-06-25T18:28:57,0.23,"Rain, Partially cloudy",Partly cloudy throughout the day with rain.,rain,"43450099999,43467099999,43486099999,43466099999"
"Colombo, Western, Sri Lanka",2023-06-26,88.1,79.4,83.4,100.2,79.4,91.6,76.4,80.1,0.395,100.0,29.17,rain,0.0,0.0,26.4,15.0,241.8,1009.5,62.0,7.7,191.6,16.6,7.0,30.0,2023-06-26T05:57:44,2023-06-26T18:29:09,0.25,"Rain, Partially cloudy",Partly cloudy throughout the day with a chance of rain throughout the day.,rain,"43450099999,43467099999,43486099999,remote,43466099999"
"Colombo, Western, Sri Lanka",2023-06-27,87.9,77.1,81.5,100.2,77.1,87.9,76.7,85.7,0.98,100.0,45.83,rain,0.0,0.0,25.1,11.4,239.9,1010.0,51.8,8.1,184.6,16.0,7.0,30.0,2023-06-27T05:57:58,2023-06-27T18:29:20,0.3,"Rain, Partially cloudy",Partly cloudy throughout the day with a chance of rain throughout the day.,rain,"43450099999,43467099999,43486099999,43466099999"
"Colombo, Western, Sri Lanka",2023-06-28,87.9,77.1,82.4,100.2,77.1,89.1,77.0,84.3,0.165,100.0,8.33,rain,0.0,0.0,22.4,9.2,226.1,1010.8,47.7,8.1,242.3,20.9,8.0,30.0,2023-06-28T05:58:11,2023-06-28T18:29:31,0.33,"Rain, Partially cloudy",Partly cloudy throughout the day with morning rain.,rain,"43450099999,43467099999,43486099999,43466099999"
"Colombo, Western, Sri Lanka",2023-06-29,86.3,78.9,82.0,99.7,78.9,89.0,77.2,85.7,1.277,100.0,33.33,rain,0.0,0.0,24.6,13.9,237.5,1011.2,69.0,8.7,199.1,17.2,7.0,60.0,2023-06-29T05:58:25,2023-06-29T18:29:41,0.36,"Rain, Partially cloudy",Partly cloudy throughout the day with a chance of rain throughout the day.,rain,"43450099999,43467099999,43486099999,43466099999,remote"
"Colombo, Western, Sri Lanka",2023-06-30,87.9,78.8,83.3,102.7,78.8,91.8,77.7,83.7,0.004,100.0,4.17,rain,0.0,0.0,22.6,12.8,226.3,1010.7,65.9,8.5,207.4,17.9,9.0,60.0,2023-06-30T05:58:39,2023-06-30T18:29:51,0.39,"Rain, Partially cloudy",Partly cloudy throughout the day with morning rain.,rain,"43450099999,43467099999,43486099999,remote,43466099999"
"Colombo, Western, Sri Lanka",2023-07-01,87.9,81.2,84.4,102.9,89.9,95.9,78.5,82.7,0.155,100.0,20.83,rain,0.0,0.0,25.1,15.0,222.5,1010.4,60.1,8.0,201.3,17.5,7.0,30.0,2023-07-01T05:58:53,2023-07-01T18:30:00,0.43,"Rain, Partially cloudy",Partly cloudy throughout the day with rain.,rain,"43450099999,43467099999,43486099999,43466099999"
"Colombo, Western, Sri Lanka",2023-07-02,87.9,80.7,84.0,102.7,88.4,95.3,78.6,84.0,0.467,100.0,41.67,rain,0.0,0.0,24.6,12.8,234.0,1009.5,79.4,7.8,139.8,11.9,5.0,30.0,2023-07-02T05:59:07,2023-07-02T18:30:09,0.46,"Rain, Partially cloudy",Partly cloudy throughout the day with a chance of rain throughout the day.,rain,"43450099999,43467099999,43486099999,43466099999"
"Colombo, Western, Sri Lanka",2023-07-03,86.1,80.5,82.8,97.4,85.5,91.0,76.4,81.3,0.15,100.0,16.67,rain,0.0,0.0,33.3,15.2,253.2,1009.4,75.7,8.2,126.5,10.9,5.0,60.0,2023-07-03T05:59:21,2023-07-03T18:30:18,0.5,"Rain, Partially cloudy",Partly cloudy throughout the day with rain.,rain,"43450099999,43467099999,43486099999,43466099999,remote"
"Colombo, Western, Sri Lanka",2023-07-04,86.1,80.5,81.6,98.9,86.4,88.9,76.5,84.7,0.22,100.0,29.17,rain,0.0,0.0,38.7,20.8,252.2,1008.9,71.6,7.7,96.3,8.4,4.0,30.0,2023-07-04T05:59:35,2023-07-04T18:30:26,0.53,"Rain, Partially cloudy",Partly cloudy throughout the day with a chance of rain throughout the day.,rain,"43450099999,43467099999,43486099999,43466099999,remote"
"Colombo, Western, Sri Lanka",2023-07-05,84.3,77.1,80.3,94.4,77.1,84.2,75.5,85.5,2.151,100.0,41.67,rain,0.0,0.0,37.8,16.1,250.6,1008.3,86.2,6.5,99.5,8.5,4.0,30.0,2023-07-05T05:59:49,2023-07-05T18:30:33,0.56,"Rain, Partially cloudy",Partly cloudy throughout the day with a chance of rain throughout the day.,rain,"43450099999,43467099999,43486099999,remote,43466099999"
"Colombo, Western, Sri Lanka",2023-07-06,86.1,77.1,81.3,96.4,77.1,86.5,76.3,85.2,0.217,100.0,20.83,rain,0.0,0.0,26.8,10.3,246.4,1009.5,65.1,8.4,182.8,15.8,8.0,30.0,2023-07-06T06:00:03,2023-07-06T18:30:40,0.6,"Rain, Partially cloudy",Partly cloudy throughout the day with rain clearing later.,rain,"43450099999,43467099999,43486099999,43466099999,remote"
"Colombo, Western, Sri Lanka",2023-07-07,84.3,77.1,81.5,96.4,77.1,87.2,76.3,84.5,0.046,100.0,12.5,rain,0.0,0.0,22.6,11.4,237.9,1011.2,50.9,8.1,168.5,14.6,6.0,30.0,2023-07-07T06:00:16,2023-07-07T18:30:46,0.63,"Rain, Partially cloudy",Partly cloudy throughout the day with rain in the morning and afternoon.,rain,"43450099999,43467099999,43486099999,43466099999"
"Colombo, Western, Sri Lanka",2023-07-08,86.3,77.1,81.9,97.4,77.1,88.0,75.6,81.5,0.004,100.0,4.17,rain,0.0,0.0,24.6,9.2,238.9,1011.5,42.2,8.1,243.6,21.1,8.0,60.0,2023-07-08T06:00:30,2023-07-08T18:30:52,0.67,"Rain, Partially cloudy",Partly cloudy throughout the day with afternoon rain.,rain,"43450099999,43467099999,43486099999,43466099999"
"Colombo, Western, Sri Lanka",2023-07-09,86.4,78.9,83.3,99.2,78.9,92.4,77.1,81.9,0.0,0.0,0.0,rain,0.0,0.0,23.5,9.2,237.0,1009.9,80.4,8.1,249.8,21.7,8.0,60.0,2023-07-09T06:00:43,2023-07-09T18:30:57,0.7,Partially cloudy,Partly cloudy throughout the day.,partly-cloudy-day,"43450099999,43467099999,43486099999,43466099999"
"Colombo, Western, Sri Lanka",2023-07-10,86.1,80.7,83.4,99.7,87.4,92.9,77.3,81.9,0.005,100.0,8.33,rain,0.0,0.0,22.4,10.3,238.9,1009.4,76.4,7.9,210.8,18.2,8.0,60.0,2023-07-10T06:00:56,2023-07-10T18:31:01,0.75,"Rain, Partially cloudy",Partly cloudy throughout the day with rain clearing later.,rain,"43450099999,43467099999,43486099999,43466099999"
"Colombo, Western, Sri Lanka",2023-07-11,86.1,80.7,83.1,97.4,87.4,92.6,77.7,84.0,0.004,100.0,4.17,rain,0.0,0.0,19.2,10.3,229.8,1009.3,80.8,8.0,178.7,15.1,6.0,60.0,2023-07-11T06:01:09,2023-07-11T18:31:05,0.77,"Rain, Partially cloudy",Partly cloudy throughout the day with early morning rain.,rain,"43450099999,43467099999,43486099999,43466099999"
"Colombo, Western, Sri Lanka",2023-07-12,88.0,78.9,83.2,102.5,78.9,92.0,77.6,83.6,0.0,0.0,0.0,rain,0.0,0.0,20.8,13.9,217.4,1009.4,62.4,8.0,250.3,21.7,8.0,60.0,2023-07-12T06:01:22,2023-07-12T18:31:08,0.81,Partially cloudy,Partly cloudy throughout the day.,partly-cloudy-day,"43450099999,43467099999,43486099999,43466099999"
"Colombo, Western, Sri Lanka",2023-07-13,87.9,78.9,83.3,100.7,78.9,92.1,77.6,83.6,0.453,100.0,20.83,rain,0.0,0.0,22.8,13.9,226.5,1009.9,46.9,8.2,198.9,17.0,7.0,30.0,2023-07-13T06:01:34,2023-07-13T18:31:10,0.84,"Rain, Partially cloudy",Partly cloudy throughout the day with rain.,rain,"43450099999,43467099999,43486099999,43466099999,remote"
"Colombo, Western, Sri Lanka",2023-07-14,87.9,80.7,83.9,100.2,86.4,93.3,76.9,79.7,0.004,100.0,12.5,rain,0.0,0.0,23.9,13.9,230.7,1010.7,55.8,8.2,233.1,20.2,8.0,60.0,2023-07-14T06:01:46,2023-07-14T18:31:12,0.88,"Rain, Partially cloudy",Partly cloudy throughout the day with rain.,rain,"43450099999,43467099999,43486099999,43466099999"
"Colombo, Western, Sri Lanka",2023-07-15,87.9,82.5,84.2,102.7,90.6,94.3,77.2,79.7,0.011,100.0,4.17,rain,0.0,0.0,23.9,13.9,229.2,1010.2,61.4,8.2,222.3,19.2,8.0,60.0,2023-07-15T06:01:58,2023-07-15T18:31:13,0.91,"Rain, Partially cloudy",Partly cloudy throughout the day with morning rain.,rain,"43450099999,43467099999,43486099999,43466099999"
"Colombo, Western, Sri Lanka",2023-07-16,87.9,80.7,84.2,102.7,87.4,94.5,77.4,80.4,0.004,100.0,4.17,rain,0.0,0.0,25.7,16.1,223.1,1009.7,63.1,8.2,221.8,19.1,8.0,75.0,2023-07-16T06:02:10,2023-07-16T18:31:13,0.95,"Rain, Partially cloudy",Partly cloudy throughout the day with early morning rain.,rain,"43450099999,43467099999,43486099999,43466099999,remote"
"Colombo, Western, Sri Lanka",2023-07-17,87.9,82.5,84.4,100.2,91.1,94.8,77.5,79.9,0.0,0.0,0.0,rain,0.0,0.0,26.2,13.9,235.1,1009.6,56.2,8.2,245.4,21.0,8.0,75.0,2023-07-17T06:02:21,2023-07-17T18:31:13,0.98,Partially cloudy,Partly cloudy throughout the day.,partly-cloudy-day,"43450099999,43467099999,43486099999,43466099999"
"Colombo, Western, Sri Lanka",2023-07-18,88.4,82.5,84.6,102.9,91.1,95.1,77.3,79.0,0.0,0.0,0.0,rain,0.0,0.0,27.1,12.8,242.3,1010.1,46.8,8.2,242.3,21.0,8.0,60.0,2023-07-18T06:02:32,2023-07-18T18:31:12,0.0,Partially cloudy,Partly cloudy throughout the day.,partly-cloudy-day,"43450099999,43467099999,43486099999,43466099999"
"Colombo, Western, Sri Lanka",2023-07-19,88.4,81.7,84.6,102.8,89.3,95.1,77.5,79.6,0.039,100.0,20.83,rain,0.0,0.0,29.1,15.2,241.6,1009.3,43.2,8.5,247.9,21.4,8.0,60.0,2023-07-19T06:02:42,2023-07-19T18:31:10,0.05,"Rain, Partially cloudy",Partly cloudy throughout the day with a chance of rain throughout the day.,rain,"43450099999,43467099999,43486099999,43466099999,remote"
"Colombo, Western, Sri Lanka",2023-07-20,87.9,78.9,84.0,100.2,78.9,93.6,77.3,80.7,0.201,100.0,16.67,rain,0.0,0.0,27.7,13.9,240.8,1008.5,48.3,8.5,237.7,20.4,8.0,60.0,2023-07-20T06:02:53,2023-07-20T18:31:07,0.08,"Rain, Partially cloudy",Partly cloudy throughout the day with rain clearing later.,rain,"43450099999,43467099999,43486099999,43466099999,remote"
"Colombo, Western, Sri Lanka",2023-07-21,89.7,82.2,84.8,102.8,90.2,95.0,77.1,77.9,0.0,0.0,0.0,rain,0.0,0.0,31.3,13.9,247.9,1009.3,42.4,7.9,241.2,20.7,9.0,60.0,2023-07-21T06:03:02,2023-07-21T18:31:04,0.12,Partially cloudy,Partly cloudy throughout the day.,partly-cloudy-day,"43450099999,43467099999,43486099999,43466099999"
"Colombo, Western, Sri Lanka",2023-07-22,87.9,80.7,84.4,102.7,87.4,94.6,77.2,79.3,0.0,0.0,0.0,,0.0,0.0,24.8,13.9,239.6,1010.9,46.5,8.1,248.1,21.3,9.0,60.0,2023-07-22T06:03:12,2023-07-22T18:31:00,0.15,Partially cloudy,Partly cloudy throughout the day.,partly-cloudy-day,"43450099999,43467099999,43486099999,43466099999"
"Colombo, Western, Sri Lanka",2023-07-23,88.5,79.9,84.4,102.7,79.9,94.8,77.5,80.0,0.019,100.0,4.17,rain,0.0,0.0,28.6,13.9,242.7,1010.5,50.9,8.1,230.0,19.9,8.0,60.0,2023-07-23T06:03:21,2023-07-23T18:30:55,0.18,"Rain, Partially cloudy",Partly cloudy throughout the day with late afternoon rain.,rain,"43450099999,43467099999,43486099999,43466099999"
"Colombo, Western, Sri Lanka",2023-07-24,87.9,78.6,83.0,100.2,78.6,91.3,76.8,81.9,0.336,100.0,16.67,rain,0.0,0.0,27.1,15.0,241.1,1010.0,56.7,7.9,149.0,12.9,5.0,60.0,2023-07-24T06:03:30,2023-07-24T18:30:50,0.22,"Rain, Partially cloudy",Partly cloudy throughout the day with rain.,rain,"43450099999,43467099999,43486099999,43466099999"
"Colombo, Western, Sri Lanka",2023-07-25,84.3,75.3,80.1,95.2,75.3,84.2,76.5,88.8,1.841,100.0,41.67,rain,0.0,0.0,25.9,12.8,229.3,1009.8,68.4,7.4,198.0,17.0,7.0,30.0,2023-07-25T06:03:38,2023-07-25T18:30:43,0.25,"Rain, Partially cloudy",Partly cloudy throughout the day with a chance of rain throughout the day.,rain,"43450099999,43467099999,43486099999,remote,43466099999"
"Colombo, Western, Sri Lanka",2023-07-26,86.1,77.1,81.5,97.4,77.1,87.9,76.9,86.4,0.021,100.0,12.5,rain,0.0,0.0,22.6,12.8,227.8,1011.0,58.7,7.9,172.5,14.7,6.0,30.0,2023-07-26T06:03:46,2023-07-26T18:30:36,0.25,"Rain, Partially cloudy",Partly cloudy throughout the day with rain clearing later.,rain,"43450099999,43467099999,43486099999,43466099999"
"Colombo, Western, Sri Lanka",2023-07-27,86.8,77.1,82.6,99.7,77.1,89.9,77.4,84.9,0.004,100.0,4.17,rain,0.0,0.0,20.4,13.9,221.9,1011.3,46.4,8.7,220.0,19.1,8.0,60.0,2023-07-27T06:03:53,2023-07-27T18:30:28,0.32,"Rain, Partially cloudy",Partly cloudy throughout the day with late afternoon rain.,rain,"43450099999,43467099999,43486099999,43466099999,remote"
"Colombo, Western, Sri Lanka",2023-07-28,87.9,80.7,83.6,98.1,86.4,92.1,76.1,78.6,0.0,0.0,0.0,rain,0.0,0.0,28.6,13.9,236.7,1010.6,52.8,8.2,251.6,21.7,8.0,60.0,2023-07-28T06:04:00,2023-07-28T18:30:20,0.35,Partially cloudy,Partly cloudy throughout the day.,partly-cloudy-day,"43450099999,43467099999,43486099999,43466099999"
"Colombo, Western, Sri Lanka",2023-07-29,86.8,80.7,83.5,97.4,86.4,91.6,75.6,77.4,0.0,0.0,0.0,rain,0.0,0.0,26.4,11.4,237.9,1010.2,58.0,8.1,251.1,21.7,8.0,60.0,2023-07-29T06:04:06,2023-07-29T18:30:10,0.38,Partially cloudy,Partly cloudy throughout the day.,partly-cloudy-day,"43450099999,43467099999,43486099999,43466099999"
"Colombo, Western, Sri Lanka",2023-07-30,86.7,78.9,83.3,97.4,78.9,90.8,75.6,77.9,0.0,0.0,0.0,rain,0.0,0.0,25.7,13.9,233.2,1009.6,50.1,8.1,262.7,22.7,9.0,30.0,2023-07-30T06:04:12,2023-07-30T18:30:00,0.42,Partially cloudy,Partly cloudy throughout the day.,partly-cloudy-day,"43450099999,43467099999,43486099999,43466099999"
"Colombo, Western, Sri Lanka",2023-07-31,86.2,80.7,83.2,97.8,86.4,91.7,76.3,79.9,0.0,0.0,0.0,rain,0.0,0.0,27.1,13.9,233.0,1009.5,76.1,7.9,242.6,21.0,8.0,30.0,2023-07-31T06:04:18,2023-07-31T18:29:50,0.45,Partially cloudy,Partly cloudy throughout the day.,partly-cloudy-day,"43450099999,43467099999,43486099999,43466099999"
"Colombo, Western, Sri Lanka",2023-08-01,87.9,80.7,83.5,100.2,87.4,92.6,76.8,80.3,0.0,0.0,0.0,rain,0.0,0.0,25.3,16.1,236.2,1010.3,73.8,8.2,250.0,21.6,9.0,30.0,2023-08-01T06:04:23,2023-08-01T18:29:38,0.48,Partially cloudy,Partly cloudy throughout the day.,partly-cloudy-day,"43450099999,43467099999,43486099999,43466099999"
"Colombo, Western, Sri Lanka",2023-08-02,87.9,80.7,83.7,100.2,86.4,92.9,76.9,80.3,0.0,0.0,0.0,rain,0.0,0.0,25.3,13.9,233.3,1011.1,62.4,7.6,251.8,21.9,8.0,60.0,2023-08-02T06:04:28,2023-08-02T18:29:26,0.5,Partially cloudy,Partly cloudy throughout the day.,partly-cloudy-day,"43450099999,43467099999,43486099999,43466099999"
"Colombo, Western, Sri Lanka",2023-08-03,88.0,78.9,83.6,101.8,78.9,92.7,77.3,81.8,0.0,0.0,0.0,rain,0.0,0.0,24.6,17.2,225.4,1010.6,47.3,8.0,244.7,21.1,8.0,60.0,2023-08-03T06:04:32,2023-08-03T18:29:13,0.55,Partially cloudy,Partly cloudy throughout the day.,partly-cloudy-day,"43450099999,43467099999,43486099999,43466099999"
"Colombo, Western, Sri Lanka",2023-08-04,88.3,82.1,84.4,102.7,89.7,94.5,77.0,78.8,0.0,0.0,0.0,rain,0.0,0.0,23.9,15.0,236.9,1011.8,58.5,8.3,260.2,22.4,8.0,60.0,2023-08-04T06:04:35,2023-08-04T18:28:59,0.59,Partially cloudy,Partly cloudy throughout the day.,partly-cloudy-day,"43450099999,43467099999,43486099999,remote,43466099999"
"Colombo, Western, Sri Lanka",2023-08-05,87.9,81.9,83.9,100.2,89.3,92.9,76.4,78.4,0.021,100.0,4.17,rain,0.0,0.0,23.7,15.0,241.5,1012.1,53.3,8.1,256.9,22.1,9.0,30.0,2023-08-05T06:04:39,2023-08-05T18:28:44,0.62,"Rain, Partially cloudy",Partly cloudy throughout the day with early morning rain.,rain,"43450099999,43467099999,43486099999,43466099999"
"Colombo, Western, Sri Lanka",2023-08-06,87.9,80.7,83.5,100.2,86.4,92.2,76.4,79.6,0.0,0.0,0.0,rain,0.0,0.0,21.3,12.8,230.6,1011.3,63.2,8.1,245.8,21.4,8.0,30.0,2023-08-06T06:04:41,2023-08-06T18:28:29,0.65,Partially cloudy,Partly cloudy throughout the day.,partly-cloudy-day,"43450099999,43467099999,43486099999,43466099999"
"Colombo, Western, Sri Lanka",2023-08-07,86.8,80.7,83.5,97.1,86.4,91.9,76.1,78.9,0.0,0.0,0.0,rain,0.0,0.0,25.1,15.0,228.7,1010.0,68.4,8.8,257.8,22.3,9.0,60.0,2023-08-07T06:04:43,2023-08-07T18:28:13,0.69,Partially cloudy,Partly cloudy throughout the day.,partly-cloudy-day,"43450099999,43467099999,43486099999,43466099999,remote"
"Colombo, Western, Sri Lanka",2023-08-08,88.0,80.7,84.3,99.2,86.4,92.8,75.6,75.6,0.0,0.0,0.0,rain,0.0,0.0,25.7,15.0,229.7,1010.2,53.4,8.2,244.2,21.1,8.0,60.0,2023-08-08T06:04:45,2023-08-08T18:27:56,0.75,Partially cloudy,Partly cloudy throughout the day.,partly-cloudy-day,"43450099999,43467099999,43486099999,43466099999"
"Colombo, Western, Sri Lanka",2023-08-09,87.9,80.7,83.8,100.2,86.4,92.2,75.9,77.5,0.0,0.0,0.0,rain,0.0,0.0,21.0,12.8,231.0,1011.2,56.0,8.1,250.5,21.7,9.0,60.0,2023-08-09T06:04:47,2023-08-09T18:27:39,0.76,Partially cloudy,Partly cloudy throughout the day.,partly-cloudy-day,"43450099999,43467099999,43486099999,43466099999"
"Colombo, Western, Sri Lanka",2023-08-10,87.9,78.9,83.9,100.2,78.9,92.3,76.7,79.4,0.0,0.0,0.0,rain,0.0,0.0,21.5,13.9,224.3,1011.3,56.5,8.4,231.9,20.1,8.0,60.0,2023-08-10T06:04:47,2023-08-10T18:27:21,0.79,Partially cloudy,Partly cloudy throughout the day.,partly-cloudy-day,"43450099999,43467099999,43486099999,43466099999,remote"
"Colombo, Western, Sri Lanka",2023-08-11,87.9,78.9,83.6,102.7,78.9,92.2,76.9,80.6,0.0,0.0,0.0,rain,0.0,0.0,21.0,16.1,220.8,1010.6,61.5,8.1,244.7,21.2,8.0,60.0,2023-08-11T06:04:48,2023-08-11T18:27:02,0.82,Partially cloudy,Partly cloudy throughout the day.,partly-cloudy-day,"43450099999,43467099999,43486099999,43466099999"
"Colombo, Western, Sri Lanka",2023-08-12,89.7,81.8,84.7,105.4,89.2,95.0,77.2,78.7,0.0,0.0,0.0,rain,0.0,0.0,23.5,12.8,238.5,1010.8,52.5,8.2,228.2,19.7,9.0,30.0,2023-08-12T06:04:48,2023-08-12T18:26:43,0.86,Partially cloudy,Partly cloudy throughout the day.,partly-cloudy-day,"43450099999,43467099999,43486099999,43466099999"
"Colombo, Western, Sri Lanka",2023-08-13,87.9,80.7,84.2,100.2,86.4,92.6,75.7,76.0,0.001,100.0,4.17,rain,0.0,0.0,25.5,13.9,231.2,1010.5,58.8,8.1,231.9,20.1,8.0,30.0,2023-08-13T06:04:47,2023-08-13T18:26:23,0.89,"Rain, Partially cloudy",Partly cloudy throughout the day with afternoon rain.,rain,"43450099999,43467099999,43486099999,43466099999"
"Colombo, Western, Sri Lanka",2023-08-14,87.9,78.9,84.0,98.7,78.9,91.5,75.3,75.8,0.025,100.0,4.17,rain,0.0,0.0,22.4,12.8,232.8,1010.9,53.6,8.0,250.4,21.5,8.0,30.0,2023-08-14T06:04:46,2023-08-14T18:26:02,0.93,"Rain, Partially cloudy",Partly cloudy throughout the day with afternoon rain.,rain,"43450099999,43467099999,43486099999,43466099999"
"Colombo, Western, Sri Lanka",2023-08-15,89.7,77.1,83.3,102.7,77.1,90.1,75.0,76.7,0.001,100.0,4.17,rain,0.0,0.0,23.0,13.9,230.5,1011.2,49.3,8.1,245.2,21.2,8.0,30.0,2023-08-15T06:04:44,2023-08-15T18:25:41,0.96,"Rain, Partially cloudy",Partly cloudy throughout the day with morning rain.,rain,"43450099999,43467099999,43486099999,43466099999"
"Colombo, Western, Sri Lanka",2023-08-16,87.9,77.1,83.2,98.0,77.1,89.6,75.2,77.7,0.037,100.0,16.67,rain,0.0,0.0,19.7,12.8,221.7,1011.5,48.1,8.6,261.8,22.6,9.0,30.0,2023-08-16T06:04:42,2023-08-16T18:25:19,0.0,"Rain, Partially cloudy",Partly cloudy throughout the day with rain clearing later.,rain,"43450099999,43467099999,43486099999,remote,43466099999"
"Colombo, Western, Sri Lanka",2023-08-17,88.6,77.1,83.5,98.0,77.1,90.0,75.3,77.1,0.0,0.0,0.0,rain,0.0,0.0,21.9,12.8,226.7,1011.2,48.8,8.7,264.8,22.9,9.0,30.0,2023-08-17T06:04:40,2023-08-17T18:24:56,0.03,Partially cloudy,Partly cloudy throughout the day.,partly-cloudy-day,"43450099999,43467099999,43486099999,43466099999,remote"
"Colombo, Western, Sri Lanka",2023-08-18,89.7,82.2,84.9,102.8,89.7,94.2,76.2,75.8,0.008,100.0,4.17,rain,0.0,0.0,25.3,13.9,238.9,1010.8,49.9,8.2,240.8,20.8,9.0,60.0,2023-08-18T06:04:37,2023-08-18T18:24:33,0.06,"Rain, Partially cloudy",Partly cloudy throughout the day with morning rain.,rain,"43450099999,43467099999,43486099999,43466099999"
"Colombo, Western, Sri Lanka",2023-08-19,89.7,82.2,85.0,102.8,89.3,94.7,76.4,75.7,0.0,0.0,0.0,rain,0.0,0.0,23.0,12.8,236.3,1010.0,61.4,8.2,257.3,22.3,9.0,30.0,2023-08-19T06:04:34,2023-08-19T18:24:09,0.1,Partially cloudy,Partly cloudy throughout the day.,partly-cloudy-day,"43450099999,43467099999,43486099999,43466099999"
"Colombo, Western, Sri Lanka",2023-08-20,89.7,80.7,84.7,100.5,87.4,93.6,75.9,75.3,0.0,0.0,0.0,rain,0.0,0.0,19.5,10.3,237.1,1009.1,50.8,8.2,263.1,22.8,9.0,60.0,2023-08-20T06:04:30,2023-08-20T18:23:45,0.13,Partially cloudy,Partly cloudy throughout the day.,partly-cloudy-day,"43450099999,43467099999,43486099999,43466099999"
"Colombo, Western, Sri Lanka",2023-08-21,89.7,78.9,84.9,102.8,78.9,94.5,76.6,76.4,0.004,100.0,4.17,rain,0.0,0.0,20.6,12.8,234.9,1008.3,54.1,8.5,248.7,21.5,8.0,60.0,2023-08-21T06:04:26,2023-08-21T18:23:20,0.17,"Rain, Partially cloudy",Partly cloudy throughout the day with early morning rain.,rain,"43450099999,43467099999,43486099999,43466099999,remote"
"Colombo, Western, Sri Lanka",2023-08-22,89.7,82.5,85.4,102.8,91.1,96.2,77.3,77.0,0.007,100.0,4.17,rain,0.0,0.0,23.9,15.0,228.9,1008.4,49.1,8.2,257.8,22.3,9.0,60.0,2023-08-22T06:04:22,2023-08-22T18:22:55,0.2,"Rain, Partially cloudy",Partly cloudy throughout the day with early morning rain.,rain,"43450099999,43467099999,43486099999,43466099999"
"Colombo, Western, Sri Lanka",2023-08-23,88.6,77.1,84.1,100.6,77.1,93.2,77.1,80.2,0.384,100.0,8.33,rain,0.0,0.0,20.6,10.3,227.1,1009.2,46.5,8.2,249.0,21.5,9.0,30.0,2023-08-23T06:04:17,2023-08-23T18:22:29,0.23,"Rain, Partially cloudy",Partly cloudy throughout the day with rain clearing later.,rain,"43450099999,43467099999,43486099999,43466099999"
"Colombo, Western, Sri Lanka",2023-08-24,89.7,77.1,84.4,100.5,77.1,92.9,76.0,76.6,0.063,100.0,4.17,rain,0.0,0.0,19.2,12.8,224.8,1009.3,51.2,8.2,263.5,22.7,9.0,30.0,2023-08-24T06:04:12,2023-08-24T18:22:03,0.25,"Rain, Partially cloudy",Partly cloudy throughout the day with afternoon rain.,rain,"43450099999,43467099999,43486099999,43466099999"
"Colombo, Western, Sri Lanka",2023-08-25,89.7,77.1,83.9,102.8,77.1,91.5,76.5,79.1,0.208,100.0,8.33,rain,0.0,0.0,20.8,13.9,214.7,1009.3,44.3,8.2,261.8,22.6,9.0,30.0,2023-08-25T06:04:06,2023-08-25T18:21:36,0.3,"Rain, Partially cloudy",Partly cloudy throughout the day with rain clearing later.,rain,"43450099999,43467099999,43486099999,43466099999"
"Colombo, Western, Sri Lanka",2023-08-26,89.7,77.1,83.8,103.5,77.1,91.7,76.6,79.5,0.0,0.0,0.0,rain,0.0,0.0,18.8,13.9,222.7,1009.9,44.2,8.2,261.7,22.7,8.0,30.0,2023-08-26T06:04:00,2023-08-26T18:21:09,0.34,Partially cloudy,Partly cloudy throughout the day.,partly-cloudy-day,"43450099999,43467099999,43486099999,43466099999"
"Colombo, Western, Sri Lanka",2023-08-27,89.7,77.1,84.4,106.0,77.1,92.7,76.4,77.7,0.14,100.0,12.5,rain,0.0,0.0,20.8,13.9,223.8,1010.5,46.5,8.2,258.0,22.2,8.0,30.0,2023-08-27T06:03:54,2023-08-27T18:20:41,0.37,"Rain, Partially cloudy",Partly cloudy throughout the day with rain.,rain,"43450099999,43467099999,43486099999,43466099999"
"Colombo, Western, Sri Lanka",2023-08-28,89.7,78.9,84.0,102.8,78.9,92.3,76.8,79.5,0.126,100.0,25.0,rain,0.0,0.0,23.9,12.8,228.6,1010.4,50.9,8.2,260.3,22.4,9.0,30.0,2023-08-28T06:03:47,2023-08-28T18:20:13,0.4,"Rain, Partially cloudy",Partly cloudy throughout the day with rain.,rain,"43450099999,43467099999,43486099999,remote,43466099999"
"Colombo, Western, Sri Lanka",2023-08-29,87.9,77.1,81.4,98.0,77.1,86.9,76.6,86.1,0.712,100.0,62.5,rain,0.0,0.0,26.6,19.7,231.6,1009.8,71.1,8.0,197.7,17.1,6.0,30.0,2023-08-29T06:03:40,2023-08-29T18:19:44,0.44,"Rain, Partially cloudy",Partly cloudy throughout the day with a chance of rain throughout the day.,rain,"43450099999,43467099999,43486099999,43466099999,remote"
"Colombo, Western, Sri Lanka",2023-08-30,87.9,75.3,81.7,100.2,75.3,87.5,76.1,83.8,0.383,100.0,33.33,rain,0.0,0.0,22.4,13.9,223.1,1009.6,68.3,7.5,187.1,16.1,6.0,30.0,2023-08-30T06:03:33,2023-08-30T18:19:15,0.47,"Rain, Partially cloudy",Partly cloudy throughout the day with rain.,rain,"43450099999,43467099999,43486099999,43466099999"
"Colombo, Western, Sri Lanka",2023-08-31,87.9,77.1,80.9,100.2,77.1,85.8,77.2,88.8,1.536,100.0,50.0,rain,0.0,0.0,21.7,12.8,209.4,1009.4,85.8,7.5,178.8,15.6,7.0,30.0,2023-08-31T06:03:26,2023-08-31T18:18:46,0.5,"Rain, Partially cloudy",Partly cloudy throughout the day with a chance of rain throughout the day.,rain,"43450099999,43467099999,43486099999,43466099999,remote"
"Colombo, Western, Sri Lanka",2023-09-01,84.3,76.7,79.3,92.7,76.7,81.8,76.2,90.6,2.504,100.0,58.33,rain,0.0,0.0,24.2,13.9,188.0,1010.3,80.0,7.4,176.1,15.1,8.0,30.0,2023-09-01T06:03:18,2023-09-01T18:18:16,0.54,"Rain, Partially cloudy",Partly cloudy throughout the day with a chance of rain throughout the day.,rain,"43450099999,43467099999,43486099999,43466099999"
"Colombo, Western, Sri Lanka",2023-09-02,87.9,77.1,80.6,100.2,77.1,85.5,76.7,88.2,1.232,100.0,58.33,rain,0.0,0.0,25.5,17.2,216.0,1010.2,81.8,7.4,90.7,7.8,3.0,30.0,2023-09-02T06:03:10,2023-09-02T18:17:46,0.57,"Rain, Partially cloudy",Partly cloudy throughout the day with a chance of rain throughout the day.,rain,"43450099999,43467099999,43486099999,43466099999,remote"
"Colombo, Western, Sri Lanka",2023-09-03,83.1,77.1,79.5,91.5,77.1,83.1,76.4,90.3,4.999,100.0,45.83,rain,0.0,0.0,28.4,12.8,219.1,1009.4,79.6,7.1,86.8,7.4,6.0,10.0,2023-09-03T06:03:02,2023-09-03T18:17:16,0.61,"Rain, Partially cloudy",Partly cloudy throughout the day with a chance of rain throughout the day.,rain,"43450099999,43467099999,43486099999,43466099999"
"Colombo, Western, Sri Lanka",2023-09-04,87.9,75.3,81.2,100.2,75.3,86.1,76.2,85.2,1.031,100.0,25.0,rain,0.0,0.0,29.1,16.6,230.1,1008.2,73.0,7.5,124.9,11.0,5.0,30.0,2023-09-04T06:02:53,2023-09-04T18:16:45,0.64,"Rain, Partially cloudy",Partly cloudy throughout the day with rain.,rain,"43450099999,43467099999,43486099999,43466099999,remote"
"Colombo, Western, Sri Lanka",2023-09-05,86.1,78.9,82.5,97.4,78.9,90.4,76.8,83.0,0.341,100.0,33.33,rain,0.0,0.0,26.2,16.1,235.0,1008.3,67.7,7.9,167.9,14.5,6.0,30.0,2023-09-05T06:02:44,2023-09-05T18:16:14,0.67,"Rain, Partially cloudy",Partly cloudy throughout the day with a chance of rain throughout the day.,rain,"43450099999,43467099999,43486099999,43466099999"
"Colombo, Western, Sri Lanka",2023-09-06,84.3,77.1,80.7,94.9,77.1,85.4,76.7,88.0,1.673,100.0,58.33,rain,0.0,0.0,28.0,15.0,229.0,1009.5,78.9,7.7,175.5,15.1,6.0,30.0,2023-09-06T06:02:36,2023-09-06T18:15:43,0.71,"Rain, Partially cloudy",Partly cloudy throughout the day with a chance of rain throughout the day.,rain,"43450099999,43467099999,43486099999,43466099999"
"Colombo, Western, Sri Lanka",2023-09-07,82.5,77.1,79.1,91.1,77.1,81.5,76.3,91.2,3.852,100.0,45.83,rain,0.0,0.0,25.3,15.0,217.9,1010.4,79.1,7.0,140.6,12.0,6.0,30.0,2023-09-07T06:02:26,2023-09-07T18:15:11,0.75,"Rain, Partially cloudy",Partly cloudy throughout the day with a chance of rain throughout the day.,rain,"43450099999,43467099999,43486099999,remote,43466099999"
"Colombo, Western, Sri Lanka",2023-09-08,86.1,75.3,80.3,95.4,75.3,84.6,75.0,84.5,1.193,100.0,25.0,rain,0.0,0.0,25.7,12.8,209.7,1011.7,66.2,7.8,133.9,11.5,5.0,30.0,2023-09-08T06:02:17,2023-09-08T18:14:40,0.77,"Rain, Partially cloudy",Partly cloudy throughout the day with rain.,rain,"43450099999,43467099999,43486099999,remote,43466099999"
"Colombo, Western, Sri Lanka",2023-09-09,87.3,77.1,81.8,99.9,77.1,87.5,76.3,83.9,0.399,100.0,16.67,rain,0.0,0.0,26.4,16.1,217.5,1010.6,53.8,8.1,227.4,19.6,9.0,30.0,2023-09-09T06:02:08,2023-09-09T18:14:08,0.81,"Rain, Partially cloudy",Partly cloudy throughout the day with rain clearing later.,rain,"43450099999,43467099999,43486099999,43466099999"
"Colombo, Western, Sri Lanka",2023-09-10,87.9,77.1,81.5,100.2,77.1,87.0,76.1,83.9,0.437,100.0,12.5,rain,0.0,0.0,25.9,16.1,217.1,1009.6,67.8,8.0,196.7,16.9,8.0,30.0,2023-09-10T06:01:58,2023-09-10T18:13:36,0.84,"Rain, Partially cloudy",Partly cloudy throughout the day with rain.,rain,"43450099999,43467099999,43486099999,remote,43466099999"
"Colombo, Western, Sri Lanka",2023-09-11,84.9,77.1,79.8,96.0,77.1,83.4,76.5,89.9,1.873,100.0,33.33,rain,0.0,0.0,28.2,11.4,207.2,1010.0,70.5,7.6,140.2,12.1,6.0,30.0,2023-09-11T06:01:48,2023-09-11T18:13:04,0.87,"Rain, Partially cloudy",Partly cloudy throughout the day with a chance of rain throughout the day.,rain,"43450099999,43467099999,43486099999,43466099999,remote"
"Colombo, Western, Sri Lanka",2023-09-12,86.3,75.3,81.4,97.4,75.3,87.5,76.3,84.8,0.91,100.0,20.83,rain,0.0,0.0,25.9,17.2,205.7,1009.9,67.6,8.1,201.9,17.4,8.0,30.0,2023-09-12T06:01:39,2023-09-12T18:12:31,0.91,"Rain, Partially cloudy",Partly cloudy throughout the day with rain.,rain,"43450099999,43467099999,43486099999,43466099999,remote"
"Colombo, Western, Sri Lanka",2023-09-13,87.1,78.9,82.1,98.2,78.9,88.9,76.8,84.2,0.379,100.0,25.0,rain,0.0,0.0,24.8,16.1,220.3,1010.1,65.4,8.0,192.3,16.5,7.0,30.0,2023-09-13T06:01:29,2023-09-13T18:11:59,0.94,"Rain, Partially cloudy",Partly cloudy throughout the day with rain.,rain,"43450099999,43467099999,43486099999,43466099999,remote"
"Colombo, Western, Sri Lanka",2023-09-14,86.6,78.9,81.0,99.7,78.9,85.3,76.7,87.2,0.507,100.0,33.33,rain,0.0,0.0,25.3,15.0,213.4,1010.4,72.4,7.9,156.4,13.5,6.0,30.0,2023-09-14T06:01:19,2023-09-14T18:11:26,0.97,"Rain, Partially cloudy",Partly cloudy throughout the day with a chance of rain throughout the day.,rain,"43450099999,43467099999,43486099999,43466099999,remote"
"Colombo, Western, Sri Lanka",2023-09-15,87.9,75.3,80.3,94.4,75.3,83.3,73.8,81.4,0.4,100.0,16.67,rain,0.0,0.0,22.1,17.2,186.3,1010.8,56.2,8.1,223.5,19.3,7.0,30.0,2023-09-15T06:01:09,2023-09-15T18:10:53,0.0,"Rain, Partially cloudy",Partly cloudy throughout the day with a chance of rain throughout the day.,rain,"43450099999,43467099999,43486099999,43466099999"
"Colombo, Western, Sri Lanka",2023-09-16,89.7,76.7,83.0,102.8,76.7,90.2,76.1,80.3,0.0,0.0,0.0,,0.0,0.0,21.3,16.1,213.1,1010.4,47.8,7.9,264.3,22.7,9.0,60.0,2023-09-16T06:00:59,2023-09-16T18:10:21,0.04,Partially cloudy,Partly cloudy throughout the day.,partly-cloudy-day,"43450099999,43467099999,43486099999,43466099999"
"Colombo, Western, Sri Lanka",2023-09-17,89.7,77.1,82.4,100.2,77.1,88.4,76.3,82.3,0.904,100.0,12.5,rain,0.0,0.0,22.1,19.7,204.7,1009.2,61.5,8.1,228.2,19.7,8.0,30.0,2023-09-17T06:00:49,2023-09-17T18:09:48,0.08,"Rain, Partially cloudy",Partly cloudy throughout the day with late afternoon rain.,rain,"43450099999,43467099999,43486099999,43466099999,remote"
"Colombo, Western, Sri Lanka",2023-09-18,82.6,75.3,78.3,91.1,75.3,79.7,75.3,90.8,1.547,100.0,41.67,rain,0.0,0.0,20.6,12.8,193.3,1009.9,77.1,7.3,165.5,14.3,6.0,10.0,2023-09-18T06:00:38,2023-09-18T18:09:15,0.11,"Rain, Partially cloudy",Partly cloudy throughout the day with a chance of rain throughout the day.,rain,"43450099999,43467099999,43486099999,43466099999"
"Colombo, Western, Sri Lanka",2023-09-19,82.5,75.3,78.6,91.9,75.3,80.4,75.3,89.9,1.658,100.0,25.0,rain,0.0,0.0,20.6,17.2,218.3,1010.8,71.4,6.2,156.3,13.6,6.0,10.0,2023-09-19T06:00:28,2023-09-19T18:08:42,0.15,"Rain, Partially cloudy",Partly cloudy throughout the day with rain.,rain,"43450099999,43467099999,43486099999,43466099999,remote"
"Colombo, Western, Sri Lanka",2023-09-20,86.1,75.3,81.2,95.4,75.3,85.5,74.6,81.2,3.667,100.0,12.5,rain,0.0,0.0,17.4,10.3,207.0,1010.7,68.4,8.2,115.8,10.1,6.0,30.0,2023-09-20T06:00:18,2023-09-20T18:08:10,0.18,"Rain, Partially cloudy",Partly cloudy throughout the day with rain clearing later.,rain,"43450099999,43467099999,43486099999,remote,43466099999"
"Colombo, Western, Sri Lanka",2023-09-21,88.1,77.1,82.2,102.7,77.1,88.9,76.9,84.4,0.597,100.0,20.83,rain,0.0,0.0,20.6,12.8,214.0,1010.5,53.5,8.1,247.2,21.5,9.0,30.0,2023-09-21T06:00:08,2023-09-21T18:07:37,0.22,"Rain, Partially cloudy",Partly cloudy throughout the day with rain.,rain,"43450099999,43467099999,43486099999,43466099999"
"Colombo, Western, Sri Lanka",2023-09-22,87.9,76.8,80.6,100.2,76.8,85.0,76.5,87.9,2.435,100.0,45.83,rain,0.0,0.0,22.4,13.9,212.6,1010.9,74.7,8.8,230.7,19.8,9.0,30.0,2023-09-22T05:59:59,2023-09-22T18:07:04,0.25,"Rain, Partially cloudy",Partly cloudy throughout the day with a chance of rain throughout the day.,rain,"43450099999,43467099999,43486099999,remote,43466099999"
"Colombo, Western, Sri Lanka",2023-09-23,86.1,75.3,81.5,97.5,75.3,87.1,75.8,83.7,0.326,100.0,29.17,rain,0.0,0.0,23.3,15.0,201.8,1011.0,60.9,8.0,233.6,20.2,8.0,60.0,2023-09-23T05:59:49,2023-09-23T18:06:32,0.25,"Rain, Partially cloudy",Partly cloudy throughout the day with a chance of rain throughout the day.,rain,"43450099999,43467099999,43486099999,43466099999"
"Colombo, Western, Sri Lanka",2023-09-24,87.9,77.1,82.5,102.7,77.1,89.6,76.8,83.5,0.121,100.0,20.83,rain,0.0,0.0,23.5,10.3,219.5,1010.7,60.0,8.1,228.2,19.8,9.0,30.0,2023-09-24T05:59:39,2023-09-24T18:06:00,0.32,"Rain, Partially cloudy",Partly cloudy throughout the day with a chance of rain throughout the day.,rain,"43450099999,43467099999,43486099999,43466099999"
"Colombo, Western, Sri Lanka",2023-09-25,87.9,80.7,83.6,100.2,86.1,93.1,77.3,81.6,0.207,100.0,33.33,rain,0.0,0.0,22.4,9.2,228.9,1009.6,62.2,8.0,226.3,19.5,8.0,60.0,2023-09-25T05:59:29,2023-09-25T18:05:27,0.36,"Rain, Partially cloudy",Partly cloudy throughout the day with a chance of rain throughout the day.,rain,"43450099999,43467099999,43486099999,43466099999"
"Colombo, Western, Sri Lanka",2023-09-26,87.9,77.1,81.2,102.7,77.1,87.0,77.1,87.7,1.241,100.0,33.33,rain,0.0,0.0,23.7,15.0,221.9,1009.6,63.6,7.9,203.0,17.5,8.0,60.0,2023-09-26T05:59:20,2023-09-26T18:04:55,0.39,"Rain, Partially cloudy",Partly cloudy throughout the day with a chance of rain throughout the day.,rain,"43450099999,43467099999,43486099999,43466099999,remote"
"Colombo, Western, Sri Lanka",2023-09-27,85.4,77.1,79.5,96.5,77.1,82.7,76.9,91.9,1.897,100.0,54.17,rain,0.0,0.0,23.0,13.9,202.5,1009.8,67.3,7.3,158.4,13.8,6.0,30.0,2023-09-27T05:59:11,2023-09-27T18:04:23,0.43,"Rain, Partially cloudy",Partly cloudy throughout the day with a chance of rain throughout the day.,rain,"43450099999,43467099999,43486099999,43466099999"
"Colombo, Western, Sri Lanka",2023-09-28,84.3,76.6,80.5,94.4,76.6,85.5,76.7,88.2,1.59,100.0,37.5,rain,0.0,0.0,22.8,13.9,221.0,1010.3,74.2,7.9,117.1,10.0,4.0,30.0,2023-09-28T05:59:02,2023-09-28T18:03:51,0.46,"Rain, Partially cloudy",Partly cloudy throughout the day with a chance of rain throughout the day.,rain,"43450099999,43467099999,43486099999,43466099999,remote"
"Colombo, Western, Sri Lanka",2023-09-29,86.1,75.1,79.0,99.7,75.1,82.1,75.8,90.3,6.03,100.0,45.83,rain,0.0,0.0,27.5,14.8,222.0,1011.4,81.4,7.4,133.5,11.5,6.0,30.0,2023-09-29T05:58:53,2023-09-29T18:03:20,0.5,"Rain, Partially cloudy",Partly cloudy throughout the day with a chance of rain throughout the day.,rain,"43450099999,43467099999,43486099999,remote,43466099999"
"Colombo, Western, Sri Lanka",2023-09-30,86.7,73.5,77.7,97.7,73.5,79.6,74.7,91.1,4.529,100.0,54.17,rain,0.0,0.0,26.2,13.9,198.6,1011.5,86.1,7.3,177.4,15.3,7.0,30.0,2023-09-30T05:58:44,2023-09-30T18:02:49,0.53,"Rain, Partially cloudy",Partly cloudy throughout the day with a chance of rain throughout the day.,rain,"43450099999,43467099999,43486099999,remote,43466099999"
"Colombo, Western, Sri Lanka",2023-10-01,84.3,73.5,77.6,94.4,73.5,79.4,75.3,93.0,2.081,100.0,41.67,rain,0.0,0.0,23.7,12.8,227.2,1011.3,70.6,7.1,177.1,15.3,7.0,10.0,2023-10-01T05:58:36,2023-10-01T18:02:18,0.56,"Rain, Partially cloudy",Partly cloudy throughout the day with rain.,rain,"43450099999,43467099999,43486099999,43466099999"
"Colombo, Western, Sri Lanka",2023-10-02,86.2,75.3,79.6,97.4,75.3,83.4,76.4,90.5,1.242,100.0,50.0,rain,0.0,0.0,24.6,12.8,203.7,1011.8,75.2,7.5,166.7,14.3,7.0,10.0,2023-10-02T05:58:28,2023-10-02T18:01:47,0.59,"Rain, Partially cloudy",Partly cloudy throughout the day with a chance of rain throughout the day.,rain,"43450099999,43467099999,43486099999,43466099999"
"Colombo, Western, Sri Lanka",2023-10-03,84.3,75.3,78.6,94.4,75.3,80.4,75.9,91.6,3.6,100.0,54.17,rain,0.0,0.0,24.4,12.8,207.6,1011.8,78.6,7.4,145.3,12.4,6.0,10.0,2023-10-03T05:58:20,2023-10-03T18:01:17,0.63,"Rain, Partially cloudy",Partly cloudy throughout the day with a chance of rain throughout the day.,rain,"43450099999,43467099999,43486099999,remote,43466099999"
"Colombo, Western, Sri Lanka",2023-10-04,82.5,75.3,78.5,89.7,75.3,80.4,76.1,92.3,6.916,100.0,54.17,rain,0.0,0.0,20.4,13.9,200.3,1011.9,78.5,6.7,45.2,3.9,2.0,10.0,2023-10-04T05:58:12,2023-10-04T18:00:47,0.66,"Rain, Partially cloudy",Partly cloudy throughout the day with a chance of rain throughout the day.,rain,"43450099999,43467099999,43486099999,43466099999,remote"
"Colombo, Western, Sri Lanka",2023-10-05,84.5,75.3,80.2,96.4,75.3,84.4,76.7,89.6,2.124,100.0,45.83,rain,0.0,0.0,25.9,11.4,221.5,1011.0,76.6,6.7,133.2,11.5,6.0,10.0,2023-10-05T05:58:05,2023-10-05T18:00:17,0.69,"Rain, Partially cloudy",Partly cloudy throughout the day with a chance of rain throughout the day.,rain,"43450099999,43467099999,43486099999,43466099999"
"Colombo, Western, Sri Lanka",2023-10-06,83.9,77.1,78.9,95.1,77.1,80.7,76.9,93.7,3.071,100.0,50.0,rain,0.0,0.0,19.7,10.5,200.7,1010.2,84.5,6.7,123.6,10.6,5.0,30.0,2023-10-06T05:57:58,2023-10-06T17:59:48,0.75,"Rain, Partially cloudy",Partly cloudy throughout the day with a chance of rain throughout the day.,rain,"43450099999,43467099999,43486099999,remote,43466099999"
"Colombo, Western, Sri Lanka",2023-10-07,87.9,77.1,80.7,102.7,77.1,86.3,77.9,91.4,0.579,100.0,45.83,rain,0.0,0.0,21.9,16.1,201.7,1009.7,64.9,7.5,169.7,14.7,7.0,30.0,2023-10-07T05:57:51,2023-10-07T17:59:19,0.76,"Rain, Partially cloudy",Partly cloudy throughout the day with a chance of rain throughout the day.,rain,"43450099999,43467099999,43486099999,43466099999"
"Colombo, Western, Sri Lanka",2023-10-08,87.9,77.1,82.1,105.5,77.1,88.4,76.8,84.6,0.046,100.0,20.83,rain,0.0,0.0,19.0,12.8,206.5,1010.8,60.7,8.0,200.9,17.3,8.0,30.0,2023-10-08T05:57:45,2023-10-08T17:58:50,0.79,"Rain, Partially cloudy",Partly cloudy throughout the day with a chance of rain throughout the day.,rain,"43450099999,43467099999,43486099999,43466099999"
"Colombo, Western, Sri Lanka",2023-10-09,87.9,77.1,82.4,105.5,77.1,89.6,77.2,84.9,0.004,100.0,4.17,rain,0.0,0.0,18.6,15.0,211.6,1012.2,61.6,8.1,239.3,20.5,9.0,30.0,2023-10-09T05:57:39,2023-10-09T17:58:22,0.82,"Rain, Partially cloudy",Partly cloudy throughout the day with early morning rain.,rain,"43450099999,43467099999,43486099999,43466099999"
"Colombo, Western, Sri Lanka",2023-10-10,89.7,77.1,82.2,105.5,77.1,88.9,77.8,87.2,1.398,100.0,16.67,rain,0.0,0.0,18.8,12.8,210.5,1011.6,59.2,7.9,213.7,18.5,8.0,60.0,2023-10-10T05:57:34,2023-10-10T17:57:55,0.85,"Rain, Partially cloudy",Partly cloudy throughout the day with rain.,rain,"43450099999,43467099999,43486099999,43466099999"
"Colombo, Western, Sri Lanka",2023-10-11,85.2,77.1,80.1,96.5,77.1,83.7,76.1,88.1,0.194,100.0,16.67,rain,0.0,0.0,14.5,12.8,206.6,1011.7,60.1,8.0,103.2,8.8,4.0,30.0,2023-10-11T05:57:29,2023-10-11T17:57:28,0.89,"Rain, Partially cloudy",Partly cloudy throughout the day with rain.,rain,"43450099999,43467099999,43486099999,43466099999"
"Colombo, Western, Sri Lanka",2023-10-12,86.1,76.7,80.4,99.7,76.7,85.0,76.1,87.0,0.039,100.0,4.17,rain,0.0,0.0,16.3,16.1,215.4,1012.6,67.3,8.1,97.8,8.5,4.0,10.0,2023-10-12T05:57:24,2023-10-12T17:57:01,0.92,"Rain, Partially cloudy",Partly cloudy throughout the day with early morning rain.,rain,"43450099999,43467099999,43486099999,remote,43466099999"
"Colombo, Western, Sri Lanka",2023-10-13,86.1,75.3,81.8,97.4,75.3,87.8,76.5,84.5,0.019,100.0,8.33,rain,0.0,0.0,16.3,12.8,215.4,1012.6,54.3,7.9,196.4,16.8,7.0,30.0,2023-10-13T05:57:20,2023-10-13T17:56:35,0.95,"Rain, Partially cloudy",Partly cloudy throughout the day with rain.,rain,"43450099999,43467099999,43486099999,remote,43466099999"
"Colombo, Western, Sri Lanka",2023-10-14,87.9,77.1,82.2,100.2,77.1,87.9,76.4,83.6,0.387,100.0,25.0,rain,0.0,0.0,15.4,9.2,221.8,1012.7,63.6,7.8,191.4,16.4,9.0,30.0,2023-10-14T05:57:16,2023-10-14T17:56:10,0.0,"Rain, Partially cloudy",Partly cloudy throughout the day with a chance of rain throughout the day.,rain,"43450099999,43467099999,43486099999,43466099999,remote"
"Colombo, Western, Sri Lanka",2023-10-15,86.1,76.7,79.9,93.7,76.7,82.2,74.7,85.0,2.842,100.0,33.33,rain,0.0,0.0,21.9,10.3,223.1,1011.9,58.8,7.6,119.8,10.3,6.0,30.0,2023-10-15T05:57:13,2023-10-15T17:55:45,0.02,"Rain, Partially cloudy",Partly cloudy throughout the day with a chance of rain throughout the day.,rain,"43450099999,43467099999,43486099999,43466099999"
"Colombo, Western, Sri Lanka",2023-10-16,87.9,75.3,82.2,98.0,75.3,88.3,75.1,79.8,0.0,0.0,0.0,rain,0.0,0.0,17.0,8.1,210.1,1011.2,39.8,8.1,232.9,20.0,8.0,30.0,2023-10-16T05:57:11,2023-10-16T17:55:20,0.05,Partially cloudy,Partly cloudy throughout the day.,partly-cloudy-day,"43450099999,43467099999,43486099999,43466099999"
"Colombo, Western, Sri Lanka",2023-10-17,87.9,77.1,80.5,100.2,77.1,84.1,76.4,87.7,2.348,100.0,29.17,rain,0.0,0.0,16.6,6.9,215.7,1011.5,69.7,7.9,195.5,16.7,8.0,10.0,2023-10-17T05:57:09,2023-10-17T17:54:57,0.09,"Rain, Partially cloudy",Partly cloudy throughout the day with a chance of rain throughout the day.,rain,"43450099999,43467099999,43486099999,43466099999,remote"
"Colombo, Western, Sri Lanka",2023-10-18,84.3,75.3,78.4,94.4,75.3,80.0,75.9,92.3,1.741,100.0,25.0,rain,0.0,0.0,17.9,7.2,214.8,1012.2,70.0,6.6,40.1,3.6,2.0,10.0,2023-10-18T05:57:07,2023-10-18T17:54:34,0.12,"Rain, Partially cloudy",Partly cloudy throughout the day with rain.,rain,"43450099999,43467099999,43486099999,remote,43466099999"
"Colombo, Western, Sri Lanka",2023-10-19,84.3,75.3,78.8,92.7,75.3,81.6,75.4,89.5,1.839,100.0,20.83,rain,0.0,0.0,17.7,12.8,178.7,1012.0,67.2,7.1,145.5,12.4,5.0,10.0,2023-10-19T05:57:06,2023-10-19T17:54:11,0.16,"Rain, Partially cloudy",Partly cloudy throughout the day with a chance of rain throughout the day.,rain,"43450099999,43467099999,43486099999,43466099999"
"Colombo, Western, Sri Lanka",2023-10-20,86.1,75.3,80.3,96.9,75.3,84.7,75.8,86.8,0.12,100.0,20.83,rain,0.0,0.0,15.9,10.3,206.0,1012.3,58.1,7.8,196.8,17.0,8.0,10.0,2023-10-20T05:57:06,2023-10-20T17:53:50,0.2,"Rain, Partially cloudy",Partly cloudy throughout the day with a chance of rain throughout the day.,rain,"43450099999,43467099999,43486099999,43466099999"
"Colombo, Western, Sri Lanka",2023-10-21,87.9,75.3,80.8,98.0,75.3,85.6,75.3,84.1,1.467,100.0,16.67,rain,0.0,0.0,18.1,11.4,206.2,1012.3,59.5,7.7,214.2,18.4,8.0,10.0,2023-10-21T05:57:06,2023-10-21T17:53:29,0.23,"Rain, Partially cloudy",Partly cloudy throughout the day with rain.,rain,"43450099999,43467099999,43486099999,43466099999"
"Colombo, Western, Sri Lanka",2023-10-22,87.9,76.7,81.4,100.2,76.7,86.8,76.3,85.1,0.537,100.0,20.83,rain,0.0,0.0,15.2,10.3,215.0,1012.6,60.7,8.0,219.4,19.0,8.0,30.0,2023-10-22T05:57:07,2023-10-22T17:53:09,0.25,"Rain, Partially cloudy",Partly cloudy throughout the day with rain.,rain,"43450099999,43467099999,43486099999,43466099999,remote"
"Colombo, Western, Sri Lanka",2023-10-23,84.7,75.3,79.9,94.4,75.3,84.0,75.7,87.5,2.571,100.0,20.83,rain,0.0,0.0,18.8,12.8,206.8,1012.6,67.9,8.1,116.2,9.9,6.0,10.0,2023-10-23T05:57:08,2023-10-23T17:52:49,0.3,"Rain, Partially cloudy",Partly cloudy throughout the day with rain clearing later.,rain,"43450099999,43467099999,43486099999,remote,43466099999"
"Colombo, Western, Sri Lanka",2023-10-24,88.1,77.1,81.9,100.2,77.1,87.3,76.3,83.8,0.019,100.0,12.5,rain,0.0,0.0,14.1,10.3,208.8,1011.8,58.1,8.3,235.1,20.2,8.0,30.0,2023-10-24T05:57:10,2023-10-24T17:52:30,0.34,"Rain, Partially cloudy",Partly cloudy throughout the day with rain.,rain,"43450099999,43467099999,43486099999,43466099999,remote"
"Colombo, Western, Sri Lanka",2023-10-25,87.9,77.1,81.9,100.2,77.1,87.0,75.8,82.7,0.12,100.0,12.5,rain,0.0,0.0,14.5,8.1,208.5,1012.3,56.7,7.8,241.9,20.8,8.0,30.0,2023-10-25T05:57:13,2023-10-25T17:52:12,0.37,"Rain, Partially cloudy",Partly cloudy throughout the day with rain.,rain,"43450099999,43467099999,43486099999,43466099999"
"Colombo, Western, Sri Lanka",2023-10-26,89.7,75.3,81.3,100.5,75.3,86.5,75.8,84.4,0.142,100.0,8.33,rain,0.0,0.0,15.0,8.1,236.1,1012.0,45.5,7.4,363.6,31.3,10.0,10.0,2023-10-26T05:57:16,2023-10-26T17:51:55,0.41,"Rain, Partially cloudy",Becoming cloudy in the afternoon with rain.,rain,"43450099999,43467099999,43486099999,43466099999,remote"
"Colombo, Western, Sri Lanka",2023-10-27,87.9,77.1,81.9,100.2,77.1,87.4,76.0,83.3,0.078,100.0,8.33,rain,0.0,0.0,13.2,8.1,207.1,1011.0,49.1,8.0,258.2,22.3,9.0,30.0,2023-10-27T05:57:20,2023-10-27T17:51:39,0.44,"Rain, Partially cloudy",Partly cloudy throughout the day with rain.,rain,"43450099999,43467099999,43486099999,remote,43466099999"
"Colombo, Western, Sri Lanka",2023-10-28,89.7,76.7,81.3,100.5,76.7,86.0,76.1,85.0,0.693,100.0,25.0,rain,0.0,0.0,13.9,6.9,188.2,1011.0,61.4,8.0,238.8,20.6,8.0,10.0,2023-10-28T05:57:25,2023-10-28T17:51:23,0.48,"Rain, Partially cloudy",Partly cloudy throughout the day with rain.,rain,"43450099999,43467099999,43486099999,43466099999,remote"
"Colombo, Western, Sri Lanka",2023-10-29,89.7,75.3,80.9,102.8,75.3,85.6,76.1,86.5,1.234,100.0,25.0,rain,0.0,0.0,15.7,9.2,192.5,1010.8,58.0,8.3,168.8,14.6,9.0,10.0,2023-10-29T05:57:30,2023-10-29T17:51:09,0.5,"Rain, Partially cloudy",Becoming cloudy in the afternoon with rain.,rain,"43450099999,43467099999,43486099999,43466099999,remote"
"Colombo, Western, Sri Lanka",2023-10-30,87.9,75.3,80.5,100.2,75.3,85.1,75.1,84.4,2.985,100.0,25.0,rain,0.0,0.0,17.9,6.9,298.9,1010.6,61.5,8.5,213.4,18.5,9.0,30.0,2023-10-30T05:57:36,2023-10-30T17:50:55,0.55,"Rain, Partially cloudy",Partly cloudy throughout the day with a chance of rain throughout the day.,rain,"43450099999,43467099999,43486099999,43466099999,remote"
"Colombo, Western, Sri Lanka",2023-10-31,88.4,75.0,79.5,98.0,75.0,83.1,75.4,88.3,5.383,100.0,29.17,rain,0.0,0.0,14.8,11.4,96.7,1010.6,64.4,7.9,206.4,17.8,8.0,30.0,2023-10-31T05:57:43,2023-10-31T17:50:42,0.58,"Rain, Partially cloudy",Partly cloudy throughout the day with a chance of rain throughout the day.,rain,"43450099999,43467099999,43486099999,43466099999,remote"
"Colombo, Western, Sri Lanka",2023-11-01,87.9,73.5,80.1,100.2,73.5,84.6,75.7,87.3,1.292,100.0,29.17,rain,0.0,0.0,13.9,9.2,150.1,1011.0,55.2,7.2,179.0,15.6,8.0,30.0,2023-11-01T05:57:50,2023-11-01T17:50:30,0.61,"Rain, Partially cloudy",Partly cloudy throughout the day with a chance of rain throughout the day.,rain,"43450099999,43467099999,43486099999,43466099999"
"Colombo, Western, Sri Lanka",2023-11-02,89.7,77.1,81.7,102.8,77.1,87.1,76.4,85.2,0.792,100.0,12.5,rain,0.0,0.0,11.2,9.2,148.2,1010.1,62.7,7.2,113.6,9.7,5.0,10.0,2023-11-02T05:57:58,2023-11-02T17:50:19,0.64,"Rain, Partially cloudy",Partly cloudy throughout the day with late afternoon rain.,rain,"43450099999,43467099999,43486099999,43466099999"
"Colombo, Western, Sri Lanka",2023-11-03,87.9,75.3,80.7,100.2,75.3,85.5,76.4,87.4,1.545,100.0,37.5,rain,0.0,0.0,20.8,15.0,213.8,1009.3,66.7,7.5,62.4,5.4,3.0,30.0,2023-11-03T05:58:07,2023-11-03T17:50:09,0.67,"Rain, Partially cloudy",Partly cloudy throughout the day with a chance of rain throughout the day.,rain,"43450099999,43467099999,43486099999,43466099999"
"Colombo, Western, Sri Lanka",2023-11-04,87.9,75.3,80.8,102.7,75.3,85.1,76.0,86.3,1.423,100.0,29.17,rain,0.0,0.0,16.8,8.9,187.2,1009.7,58.7,8.0,185.0,16.0,8.0,30.0,2023-11-04T05:58:17,2023-11-04T17:49:59,0.71,"Rain, Partially cloudy",Partly cloudy throughout the day with rain.,rain,"43450099999,43467099999,43486099999,43466099999,remote"
"Colombo, Western, Sri Lanka",2023-11-05,87.9,75.3,80.5,98.6,75.3,84.5,75.9,86.8,0.663,100.0,20.83,rain,0.0,0.0,14.5,10.3,67.8,1010.7,56.4,7.2,187.8,16.3,8.0,10.0,2023-11-05T05:58:27,2023-11-05T17:49:51,0.75,"Rain, Partially cloudy",Partly cloudy throughout the day with a chance of rain throughout the day.,rain,"43450099999,43467099999,43486099999,43466099999,remote"
"Colombo, Western, Sri Lanka",2023-11-06,89.7,75.0,80.0,102.8,75.0,83.8,75.6,87.3,4.388,100.0,20.83,rain,0.0,0.0,13.6,7.8,29.3,1011.5,58.6,8.2,181.6,15.6,7.0,30.0,2023-11-06T05:58:38,2023-11-06T17:49:44,0.77,"Rain, Partially cloudy",Partly cloudy throughout the day with a chance of rain throughout the day.,rain,"43450099999,43467099999,43486099999,43466099999,remote"
"Colombo, Western, Sri Lanka",2023-11-07,89.7,73.4,79.2,102.7,73.4,82.7,75.1,88.3,2.457,100.0,16.67,rain,0.0,0.0,13.9,6.9,49.1,1011.4,59.5,7.8,217.2,18.8,8.0,30.0,2023-11-07T05:58:50,2023-11-07T17:49:37,0.8,"Rain, Partially cloudy",Partly cloudy throughout the day with rain.,rain,"43450099999,43467099999,43486099999,remote,43466099999"
"Colombo, Western, Sri Lanka",2023-11-08,89.7,74.6,80.4,102.8,74.6,85.1,75.4,85.9,1.12,100.0,20.83,rain,0.0,0.0,13.2,12.8,138.4,1010.9,50.4,7.1,223.0,19.3,8.0,30.0,2023-11-08T05:59:02,2023-11-08T17:49:32,0.84,"Rain, Partially cloudy",Partly cloudy throughout the day with rain.,rain,"43450099999,43467099999,43486099999,43466099999"
"Colombo, Western, Sri Lanka",2023-11-09,86.5,75.3,80.3,97.4,75.3,85.0,76.1,87.5,2.673,100.0,29.17,rain,0.0,0.0,14.8,15.0,57.8,1011.7,62.7,7.2,173.3,15.0,7.0,30.0,2023-11-09T05:59:16,2023-11-09T17:49:27,0.87,"Rain, Partially cloudy",Partly cloudy throughout the day with a chance of rain throughout the day.,rain,"43450099999,43467099999,43486099999,43466099999"
"Colombo, Western, Sri Lanka",2023-11-10,87.9,75.3,81.0,100.2,75.3,86.0,75.6,84.7,0.248,100.0,20.83,rain,0.0,0.0,13.6,8.1,241.2,1012.1,52.4,7.8,171.7,14.7,8.0,30.0,2023-11-10T05:59:30,2023-11-10T17:49:24,0.9,"Rain, Partially cloudy",Partly cloudy throughout the day with rain.,rain,"43450099999,43467099999,43486099999,43466099999,remote"
"Colombo, Western, Sri Lanka",2023-11-11,89.7,75.3,81.9,102.8,75.3,88.0,76.2,84.0,0.945,100.0,16.67,rain,0.0,0.0,12.8,11.4,227.9,1011.7,46.0,7.8,222.9,19.2,8.0,30.0,2023-11-11T05:59:44,2023-11-11T17:49:21,0.93,"Rain, Partially cloudy",Partly cloudy throughout the day with rain.,rain,"43450099999,43467099999,43486099999,43466099999,remote"
"Colombo, Western, Sri Lanka",2023-11-12,87.9,75.3,80.3,102.7,75.3,84.2,76.9,89.8,1.161,100.0,25.0,rain,0.0,0.0,15.2,12.8,44.4,1011.6,65.6,7.9,133.3,11.7,6.0,30.0,2023-11-12T06:00:00,2023-11-12T17:49:20,0.96,"Rain, Partially cloudy",Partly cloudy throughout the day with rain.,rain,"43450099999,43467099999,43486099999,43466099999,remote"
"Colombo, Western, Sri Lanka",2023-11-13,87.9,75.3,80.6,100.2,75.3,85.0,76.4,87.9,0.315,100.0,25.0,rain,0.0,0.0,18.8,9.2,46.2,1011.2,60.4,7.3,125.0,10.7,4.0,10.0,2023-11-13T06:00:16,2023-11-13T17:49:19,0.0,"Rain, Partially cloudy",Partly cloudy throughout the day with rain.,rain,"43450099999,43467099999,43486099999,43466099999"
"Colombo, Western, Sri Lanka",2023-11-14,86.1,77.1,81.2,97.4,77.1,87.0,77.4,88.7,0.729,100.0,16.67,rain,0.0,0.0,24.2,6.9,357.2,1010.7,56.8,7.3,85.1,7.4,3.0,30.0,2023-11-14T06:00:33,2023-11-14T17:49:20,0.03,"Rain, Partially cloudy",Partly cloudy throughout the day with rain.,rain,"43450099999,43467099999,43486099999,43466099999"
"Colombo, Western, Sri Lanka",2023-11-15,86.3,77.1,81.1,99.7,77.1,87.0,77.4,89.0,0.277,100.0,25.0,rain,0.0,0.0,20.8,8.1,326.7,1010.8,59.6,7.3,181.0,15.6,8.0,30.0,2023-11-15T06:00:51,2023-11-15T17:49:21,0.07,"Rain, Partially cloudy",Partly cloudy throughout the day with a chance of rain throughout the day.,rain,"43450099999,43467099999,43486099999,remote,43466099999"
"Colombo, Western, Sri Lanka",2023-11-16,89.8,77.1,82.8,105.4,77.1,90.1,77.1,83.8,0.035,100.0,8.33,rain,0.0,0.0,16.1,5.8,352.9,1011.2,47.8,7.2,208.6,18.0,8.0,30.0,2023-11-16T06:01:09,2023-11-16T17:49:24,0.1,"Rain, Partially cloudy",Partly cloudy throughout the day with morning rain.,rain,"43450099999,43467099999,43486099999,43466099999"
"Colombo, Western, Sri Lanka",2023-11-17,89.7,78.9,82.4,105.4,78.9,90.0,78.3,87.8,0.351,100.0,12.5,rain,0.0,0.0,14.5,10.3,227.1,1011.4,61.2,7.9,179.9,15.7,8.0,30.0,2023-11-17T06:01:28,2023-11-17T17:49:27,0.14,"Rain, Partially cloudy",Partly cloudy throughout the day with rain.,rain,"43450099999,43467099999,43486099999,43466099999,remote"
"Colombo, Western, Sri Lanka",2023-11-18,88.0,77.1,81.9,102.7,77.1,88.1,77.7,87.8,2.891,100.0,33.33,rain,0.0,0.0,14.8,11.4,217.2,1010.8,60.8,8.4,191.1,16.5,7.0,30.0,2023-11-18T06:01:48,2023-11-18T17:49:32,0.17,"Rain, Partially cloudy",Partly cloudy throughout the day with a chance of rain throughout the day.,rain,"43450099999,43467099999,43486099999,43466099999,remote"
"Colombo, Western, Sri Lanka",2023-11-19,87.9,75.3,79.7,100.2,75.3,83.8,76.5,90.5,1.561,100.0,20.83,rain,0.0,0.0,13.4,13.9,197.6,1011.1,55.2,7.6,88.1,7.5,4.0,10.0,2023-11-19T06:02:08,2023-11-19T17:49:37,0.21,"Rain, Partially cloudy",Partly cloudy throughout the day with rain.,rain,"43450099999,43467099999,43486099999,43466099999,remote"
"Colombo, Western, Sri Lanka",2023-11-20,89.7,75.3,80.9,105.4,75.3,86.7,76.6,87.5,2.173,100.0,12.5,rain,0.0,0.0,14.1,13.9,32.4,1010.8,60.1,7.8,185.1,16.0,7.0,30.0,2023-11-20T06:02:29,2023-11-20T17:49:44,0.25,"Rain, Partially cloudy",Partly cloudy throughout the day with rain.,rain,"43450099999,43467099999,43486099999,43466099999,remote"
"Colombo, Western, Sri Lanka",2023-11-21,89.7,75.3,81.9,105.4,75.3,87.6,76.8,85.3,2.925,100.0,25.0,rain,0.0,0.0,14.5,8.1,188.6,1010.2,56.2,8.4,219.9,18.9,8.0,30.0,2023-11-21T06:02:51,2023-11-21T17:49:51,0.28,"Rain, Partially cloudy",Partly cloudy throughout the day with a chance of rain throughout the day.,rain,"43450099999,43467099999,43486099999,remote,43466099999"
"Colombo, Western, Sri Lanka",2023-11-22,87.9,75.3,80.6,102.7,75.3,85.6,76.6,88.5,2.438,100.0,50.0,rain,0.0,0.0,15.7,9.2,202.5,1010.2,75.8,7.4,139.2,11.9,6.0,10.0,2023-11-22T06:03:13,2023-11-22T17:50:00,0.32,"Rain, Partially cloudy",Partly cloudy throughout the day with a chance of rain throughout the day.,rain,"43450099999,43467099999,43486099999,43466099999"
"Colombo, Western, Sri Lanka",2023-11-23,87.9,76.7,81.4,100.2,76.7,87.6,76.8,86.3,0.424,100.0,29.17,rain,0.0,0.0,10.1,5.8,38.3,1009.5,69.5,7.8,102.4,8.7,4.0,30.0,2023-11-23T06:03:36,2023-11-23T17:50:09,0.35,"Rain, Partially cloudy",Partly cloudy throughout the day with rain.,rain,"43450099999,43467099999,43486099999,43466099999"
"Colombo, Western, Sri Lanka",2023-11-24,87.9,77.1,82.1,105.5,77.1,88.7,77.2,86.0,0.137,100.0,8.33,rain,0.0,0.0,13.2,8.1,214.4,1009.1,60.2,7.7,234.8,20.3,8.0,10.0,2023-11-24T06:04:00,2023-11-24T17:50:19,0.39,"Rain, Partially cloudy",Partly cloudy throughout the day with rain.,rain,"43450099999,43467099999,43486099999,43466099999"
"Colombo, Western, Sri Lanka",2023-11-25,87.9,75.3,80.5,100.2,75.3,85.0,75.7,86.2,1.422,100.0,12.5,rain,0.0,0.0,12.8,6.9,318.7,1009.9,46.8,8.3,238.5,20.4,8.0,10.0,2023-11-25T06:04:24,2023-11-25T17:50:31,0.42,"Rain, Partially cloudy",Partly cloudy throughout the day with rain.,rain,"43450099999,43467099999,43486099999,43466099999,remote"
"Colombo, Western, Sri Lanka",2023-11-26,89.7,73.5,81.0,102.8,73.5,85.9,75.3,84.0,0.201,100.0,8.33,rain,0.0,0.0,13.2,9.2,85.6,1010.4,38.8,7.5,239.9,20.5,9.0,10.0,2023-11-26T06:04:49,2023-11-26T17:50:43,0.46,"Rain, Partially cloudy",Partly cloudy throughout the day with late afternoon rain.,rain,"43450099999,43467099999,43486099999,43466099999"
"Colombo, Western, Sri Lanka",2023-11-27,89.7,75.3,82.1,101.6,75.3,88.4,76.6,84.5,0.157,100.0,8.33,rain,0.0,0.0,15.2,9.2,87.6,1009.1,50.3,8.0,225.7,19.5,9.0,30.0,2023-11-27T06:05:14,2023-11-27T17:50:56,0.5,"Rain, Partially cloudy",Becoming cloudy in the afternoon with late afternoon rain.,rain,"43450099999,43467099999,43486099999,43466099999"
"Colombo, Western, Sri Lanka",2023-11-28,87.9,75.3,80.4,98.0,75.3,84.6,76.5,88.6,2.923,100.0,25.0,rain,0.0,0.0,13.9,8.1,73.3,1008.8,66.4,7.9,129.9,11.3,5.0,30.0,2023-11-28T06:05:40,2023-11-28T17:51:11,0.53,"Rain, Partially cloudy",Partly cloudy throughout the day with rain.,rain,"43450099999,43467099999,43486099999,43466099999,remote"
"Colombo, Western, Sri Lanka",2023-11-29,87.9,75.3,79.9,100.2,75.3,84.1,75.7,88.1,2.527,100.0,20.83,rain,0.0,0.0,13.9,10.3,73.6,1008.8,63.5,7.4,168.9,14.6,7.0,30.0,2023-11-29T06:06:06,2023-11-29T17:51:26,0.56,"Rain, Partially cloudy",Partly cloudy throughout the day with rain.,rain,"43450099999,43467099999,43486099999,43466099999"
"Colombo, Western, Sri Lanka",2023-11-30,89.7,75.3,80.3,105.4,75.3,84.3,76.1,87.8,0.055,100.0,8.33,rain,0.0,0.0,18.8,9.2,29.3,1009.3,43.6,7.6,208.9,17.9,8.0,30.0,2023-11-30T06:06:33,2023-11-30T17:51:42,0.59,"Rain, Partially cloudy",Becoming cloudy in the afternoon with rain.,rain,"43450099999,43467099999,43486099999,43466099999"
"Colombo, Western, Sri Lanka",2023-12-01,86.1,75.3,79.3,97.4,75.3,82.3,75.8,89.5,0.156,100.0,20.83,rain,0.0,0.0,20.6,11.9,21.4,1009.1,60.0,8.2,106.4,9.1,5.0,30.0,2023-12-01T06:07:00,2023-12-01T17:51:58,0.62,"Rain, Partially cloudy",Partly cloudy throughout the day with rain.,rain,"43450099999,43467099999,43486099999,43466099999,remote"
"Colombo, Western, Sri Lanka",2023-12-02,86.1,77.1,81.0,97.4,77.1,86.4,76.5,86.6,0.048,100.0,20.83,rain,0.0,0.0,19.0,9.2,8.5,1008.2,72.5,7.5,79.8,6.7,4.0,30.0,2023-12-02T06:07:27,2023-12-02T17:52:16,0.66,"Rain, Partially cloudy",Partly cloudy throughout the day with rain clearing later.,rain,"43450099999,43467099999,43486099999,43466099999"
"Colombo, Western, Sri Lanka",2023-12-03,88.0,77.1,82.6,101.0,77.1,89.9,77.1,84.0,0.058,100.0,12.5,rain,0.0,0.0,20.6,8.1,245.9,1008.3,60.0,7.7,178.9,15.4,7.0,30.0,2023-12-03T06:07:55,2023-12-03T17:52:35,0.69,"Rain, Partially cloudy",Partly cloudy throughout the day with rain.,rain,"43450099999,43467099999,43486099999,43466099999,remote"
"Colombo, Western, Sri Lanka",2023-12-04,82.5,77.1,79.7,92.7,77.1,82.5,76.8,91.2,2.309,100.0,41.67,rain,0.0,0.0,19.5,12.5,187.2,1008.4,75.3,6.8,104.7,8.9,6.0,30.0,2023-12-04T06:08:24,2023-12-04T17:52:54,0.72,"Rain, Partially cloudy",Partly cloudy throughout the day with a chance of rain throughout the day.,rain,"43450099999,43467099999,43486099999,43466099999,remote"
"Colombo, Western, Sri Lanka",2023-12-05,86.1,77.1,81.5,99.7,77.1,87.9,77.5,88.1,1.216,100.0,41.67,rain,0.0,0.0,22.4,11.4,207.9,1008.4,74.0,7.7,175.5,15.0,7.0,30.0,2023-12-05T06:08:53,2023-12-05T17:53:14,0.75,"Rain, Partially cloudy",Partly cloudy throughout the day with a chance of rain throughout the day.,rain,"43450099999,43467099999,43486099999,43466099999,remote"
"Colombo, Western, Sri Lanka",2023-12-06,86.1,77.1,81.1,99.7,77.1,87.0,77.9,90.3,2.329,100.0,25.0,rain,0.0,0.0,17.4,12.8,191.0,1009.8,59.8,8.0,188.8,16.3,8.0,30.0,2023-12-06T06:09:22,2023-12-06T17:53:35,0.78,"Rain, Partially cloudy",Partly cloudy throughout the day with a chance of rain throughout the day.,rain,"43450099999,43467099999,43486099999,43466099999,remote"
"Colombo, Western, Sri Lanka",2023-12-07,89.7,75.3,82.6,105.5,75.3,90.1,77.4,85.3,0.041,100.0,8.33,rain,0.0,0.0,16.3,8.1,214.4,1009.9,51.1,8.0,211.8,18.3,8.0,30.0,2023-12-07T06:09:51,2023-12-07T17:53:57,0.82,"Rain, Partially cloudy",Partly cloudy throughout the day with late afternoon rain.,rain,"43450099999,43467099999,43486099999,43466099999,remote"
"Colombo, Western, Sri Lanka",2023-12-08,87.9,77.1,81.6,101.2,77.1,86.7,77.2,87.1,2.901,100.0,29.17,rain,0.0,0.0,13.2,6.9,147.6,1010.7,69.8,7.6,167.7,14.5,8.0,30.0,2023-12-08T06:10:21,2023-12-08T17:54:19,0.85,"Rain, Partially cloudy",Partly cloudy throughout the day with rain.,rain,"43450099999,43467099999,43486099999,43466099999"
"Colombo, Western, Sri Lanka",2023-12-09,89.7,75.3,81.3,102.8,75.3,87.5,77.0,87.6,0.294,100.0,20.83,rain,0.0,0.0,12.8,5.8,34.1,1011.1,51.2,7.6,139.2,12.0,7.0,30.0,2023-12-09T06:10:51,2023-12-09T17:54:42,0.88,"Rain, Partially cloudy",Partly cloudy throughout the day with rain.,rain,"43450099999,43467099999,43486099999,43466099999"
"Colombo, Western, Sri Lanka",2023-12-10,91.5,75.3,80.2,105.3,75.3,84.6,76.3,88.5,1.122,100.0,16.67,rain,0.0,0.0,13.9,11.4,63.7,1010.3,53.9,7.3,171.3,14.8,8.0,30.0,2023-12-10T06:11:21,2023-12-10T17:55:06,0.91,"Rain, Partially cloudy",Partly cloudy throughout the day with rain.,rain,"43450099999,43467099999,43486099999,43466099999,remote"
"Colombo, Western, Sri Lanka",2023-12-11,89.7,75.3,80.8,102.8,75.3,86.0,76.0,85.8,1.042,100.0,8.33,rain,0.0,0.0,14.1,8.1,30.0,1010.4,64.8,7.8,202.9,17.5,8.0,30.0,2023-12-11T06:11:51,2023-12-11T17:55:30,0.95,"Rain, Partially cloudy",Partly cloudy throughout the day with late afternoon rain.,rain,"43450099999,43467099999,43486099999,43466099999,remote"
"Colombo, Western, Sri Lanka",2023-12-12,88.3,75.8,80.8,98.0,75.8,84.2,75.2,84.0,1.095,100.0,16.67,rain,0.0,0.0,15.4,11.4,58.8,1009.9,57.1,7.8,201.9,17.4,8.0,10.0,2023-12-12T06:12:21,2023-12-12T17:55:56,0.98,"Rain, Partially cloudy",Partly cloudy throughout the day with rain.,rain,"43450099999,43467099999,43486099999,43466099999,remote"
"Colombo, Western, Sri Lanka",2023-12-13,89.7,75.3,81.6,98.4,75.3,85.2,73.6,78.1,0.012,100.0,4.17,rain,0.0,0.0,22.4,16.1,41.6,1009.6,33.3,7.7,216.9,18.6,8.0,30.0,2023-12-13T06:12:52,2023-12-13T17:56:21,0.0,"Rain, Partially cloudy",Becoming cloudy in the afternoon with early morning rain.,rain,"43450099999,43467099999,43486099999,remote,43466099999"
"Colombo, Western, Sri Lanka",2023-12-14,84.3,77.1,80.0,94.4,77.1,83.5,74.9,84.7,0.345,100.0,16.67,rain,0.0,0.0,28.9,16.3,29.0,1010.8,48.1,7.8,130.4,11.1,5.0,30.0,2023-12-14T06:13:22,2023-12-14T17:56:47,0.05,"Rain, Partially cloudy",Partly cloudy throughout the day with rain.,rain,"43450099999,43467099999,43486099999,43466099999,remote"
"Colombo, Western, Sri Lanka",2023-12-15,86.1,76.7,79.2,97.4,76.7,81.5,75.8,89.7,1.88,100.0,29.17,rain,0.0,0.0,22.4,15.0,40.3,1010.6,71.4,7.6,97.9,8.4,4.0,10.0,2023-12-15T06:13:53,2023-12-15T17:57:14,0.08,"Rain, Partially cloudy",Partly cloudy throughout the day with rain.,rain,"43450099999,43467099999,43486099999,43466099999"
"Colombo, Western, Sri Lanka",2023-12-16,86.1,75.3,79.1,99.7,75.3,82.1,76.3,91.5,1.542,100.0,33.33,rain,0.0,0.0,23.7,11.2,43.1,1009.9,70.7,7.1,70.6,6.1,3.0,10.0,2023-12-16T06:14:23,2023-12-16T17:57:42,0.12,"Rain, Partially cloudy",Partly cloudy throughout the day with a chance of rain throughout the day.,rain,"43450099999,43467099999,43486099999,43466099999,remote"
"Colombo, Western, Sri Lanka",2023-12-17,89.7,75.3,80.9,103.4,75.3,85.9,76.1,86.0,0.539,100.0,16.67,rain,0.0,0.0,19.0,16.1,140.8,1009.1,56.3,7.3,190.5,16.4,8.0,30.0,2023-12-17T06:14:54,2023-12-17T17:58:09,0.15,"Rain, Partially cloudy",Partly cloudy throughout the day with rain.,rain,"43450099999,43467099999,43486099999,43466099999,remote"
"Colombo, Western, Sri Lanka",2023-12-18,89.7,77.1,80.7,102.8,77.1,85.1,76.3,87.2,0.815,100.0,20.83,rain,0.0,0.0,16.6,8.1,36.1,1010.6,57.6,7.9,201.4,17.4,8.0,10.0,2023-12-18T06:15:24,2023-12-18T17:58:38,0.19,"Rain, Partially cloudy",Partly cloudy throughout the day with rain.,rain,"43450099999,43467099999,43486099999,43466099999,remote"
"Colombo, Western, Sri Lanka",2023-12-19,89.2,75.3,81.0,99.3,75.3,85.9,75.8,85.1,0.136,100.0,20.83,rain,0.0,0.0,19.9,8.3,41.9,1010.8,61.8,8.5,167.4,14.4,8.0,30.0,2023-12-19T06:15:55,2023-12-19T17:59:06,0.22,"Rain, Partially cloudy",Partly cloudy throughout the day with rain.,rain,"43450099999,43467099999,43486099999,43466099999,remote"
"Colombo, Western, Sri Lanka",2023-12-20,89.7,77.1,81.5,100.5,77.1,86.9,76.5,85.5,0.241,100.0,12.5,rain,0.0,0.0,19.9,10.3,39.5,1010.6,57.8,7.7,191.9,16.5,8.0,30.0,2023-12-20T06:16:25,2023-12-20T17:59:35,0.25,"Rain, Partially cloudy",Partly cloudy throughout the day with rain in the morning and afternoon.,rain,"43450099999,43467099999,43486099999,43466099999"
"Colombo, Western, Sri Lanka",2023-12-21,89.7,75.5,82.3,102.2,75.5,87.7,75.8,82.0,0.742,100.0,4.17,rain,0.0,0.0,31.3,9.2,38.0,1010.5,43.6,7.6,235.3,20.3,8.0,30.0,2023-12-21T06:16:55,2023-12-21T18:00:05,0.3,"Rain, Partially cloudy",Partly cloudy throughout the day with late afternoon rain.,rain,"43450099999,43467099999,43486099999,43466099999,remote"
"Colombo, Western, Sri Lanka",2023-12-22,91.5,76.5,83.1,100.5,76.5,87.8,73.9,75.5,0.001,100.0,4.17,rain,0.0,0.0,39.4,15.0,37.5,1010.9,41.1,8.0,221.5,19.0,9.0,30.0,2023-12-22T06:17:25,2023-12-22T18:00:34,0.33,"Rain, Partially cloudy",Partly cloudy throughout the day with afternoon rain.,rain,"43450099999,43467099999,43486099999,43466099999"
"Colombo, Western, Sri Lanka",2023-12-23,91.5,75.3,82.8,99.5,75.3,87.0,72.3,72.6,0.0,0.0,0.0,rain,0.0,0.0,31.3,10.3,37.7,1011.9,57.0,8.0,227.7,19.7,8.0,30.0,2023-12-23T06:17:55,2023-12-23T18:01:04,0.37,Partially cloudy,Partly cloudy throughout the day.,partly-cloudy-day,"43450099999,43467099999,43486099999,43466099999"
"Colombo, Western, Sri Lanka",2023-12-24,89.8,77.1,81.9,98.4,77.1,86.3,74.2,78.7,0.036,100.0,8.33,rain,0.0,0.0,37.8,12.8,43.1,1012.6,54.2,7.7,203.7,17.5,8.0,30.0,2023-12-24T06:18:24,2023-12-24T18:01:35,0.4,"Rain, Partially cloudy",Partly cloudy throughout the day with afternoon rain.,rain,"43450099999,43467099999,43486099999,43466099999"
"Colombo, Western, Sri Lanka",2023-12-25,91.5,75.3,82.9,98.9,75.3,86.7,73.1,74.5,0.0,0.0,0.0,,0.0,0.0,17.7,18.3,52.0,1011.6,31.7,6.2,233.8,20.2,8.0,30.0,2023-12-25T06:18:53,2023-12-25T18:02:05,0.44,Partially cloudy,Partly cloudy throughout the day.,partly-cloudy-day,43450099999
"Colombo, Western, Sri Lanka",2023-12-26,91.5,73.5,81.8,100.8,73.5,86.3,72.8,75.4,0.0,0.0,0.0,rain,0.0,0.0,23.7,17.2,43.3,1011.3,47.3,6.2,233.3,20.1,8.0,30.0,2023-12-26T06:19:22,2023-12-26T18:02:36,0.47,Partially cloudy,Partly cloudy throughout the day.,partly-cloudy-day,43450099999
"Colombo, Western, Sri Lanka",2023-12-27,89.9,77.1,82.6,100.6,77.1,88.8,75.8,80.7,0.0,0.0,0.0,rain,0.0,0.0,32.7,16.1,35.6,1011.2,58.7,8.2,218.8,18.9,8.0,60.0,2023-12-27T06:19:51,2023-12-27T18:03:07,0.5,Partially cloudy,Partly cloudy throughout the day.,partly-cloudy-day,"43450099999,43467099999,43486099999,43466099999"
"Colombo, Western, Sri Lanka",2023-12-28,87.6,77.1,81.6,99.1,77.1,86.8,76.6,85.5,0.4,100.0,25.0,rain,0.0,0.0,20.4,11.4,46.2,1010.6,72.4,8.0,184.7,15.9,7.0,30.0,2023-12-28T06:20:19,2023-12-28T18:03:38,0.54,"Rain, Partially cloudy",Partly cloudy throughout the day with a chance of rain throughout the day.,rain,"43450099999,43467099999,43486099999,43466099999"
"Colombo, Western, Sri Lanka",2023-12-29,86.1,77.1,80.4,96.4,77.1,84.5,75.8,86.3,0.093,100.0,20.83,rain,0.0,0.0,16.6,12.8,49.5,1011.4,72.1,7.4,183.4,15.7,8.0,30.0,2023-12-29T06:20:46,2023-12-29T18:04:09,0.57,"Rain, Partially cloudy",Partly cloudy throughout the day with rain.,rain,"43450099999,43467099999,43486099999,43466099999"
"Colombo, Western, Sri Lanka",2023-12-30,89.7,76.7,82.1,101.6,76.7,87.1,75.3,80.9,1.374,100.0,20.83,rain,0.0,0.0,22.1,13.9,45.1,1010.7,54.6,8.0,207.2,17.9,8.0,10.0,2023-12-30T06:21:13,2023-12-30T18:04:40,0.6,"Rain, Partially cloudy",Partly cloudy throughout the day with rain.,rain,"43450099999,43467099999,43486099999,43466099999"
"Colombo, Western, Sri Lanka",2023-12-31,89.7,75.9,82.0,98.4,75.9,86.6,75.0,80.7,0.302,100.0,8.33,rain,0.0,0.0,41.2,16.1,45.3,1010.9,51.7,7.6,228.5,19.8,8.0,30.0,2023-12-31T06:21:40,2023-12-31T18:05:11,0.64,"Rain, Partially cloudy",Becoming cloudy in the afternoon with late afternoon rain.,rain,"AVHP,43450099999,43467099999,43486099999,43466099999"
"Colombo, Western, Sri Lanka",2024-01-01,84.3,75.3,78.9,94.4,75.3,81.1,74.9,88.1,0.643,100.0,20.83,rain,0.0,0.0,26.6,13.9,36.0,1012.2,71.2,6.7,141.0,12.3,6.0,30.0,2024-01-01T06:22:06,2024-01-01T18:05:42,0.67,"Rain, Partially cloudy",Partly cloudy throughout the day with a chance of rain throughout the day.,rain,"43450099999,43467099999,43486099999,43466099999,remote"
"Colombo, Western, Sri Lanka",2024-01-02,89.1,75.3,80.8,102.7,75.3,85.5,75.3,84.0,0.228,100.0,12.5,rain,0.0,0.0,19.5,12.8,48.6,1010.4,69.5,6.8,174.3,15.1,7.0,30.0,2024-01-02T06:22:32,2024-01-02T18:06:13,0.7,"Rain, Partially cloudy",Partly cloudy throughout the day with rain clearing later.,rain,"43450099999,43467099999,43486099999,43466099999"
"Colombo, Western, Sri Lanka",2024-01-03,91.9,77.1,82.8,102.0,77.1,88.4,75.1,79.0,0.001,100.0,4.17,rain,0.0,0.0,15.2,10.3,32.6,1010.4,44.7,7.6,239.6,20.9,8.0,60.0,2024-01-03T06:22:57,2024-01-03T18:06:44,0.73,"Rain, Partially cloudy",Partly cloudy throughout the day with late afternoon rain.,rain,"43450099999,43467099999,43486099999,43466099999,remote"
"Colombo, Western, Sri Lanka",2024-01-04,89.7,75.3,82.4,102.8,75.3,88.5,75.5,80.5,0.002,100.0,4.17,rain,0.0,0.0,12.3,8.1,18.8,1010.8,41.6,7.6,236.1,20.4,8.0,30.0,2024-01-04T06:23:21,2024-01-04T18:07:15,0.75,"Rain, Partially cloudy",Partly cloudy throughout the day with late afternoon rain.,rain,"43450099999,43467099999,43486099999,43466099999"
"Colombo, Western, Sri Lanka",2024-01-05,91.5,75.3,82.7,105.3,75.3,89.4,76.2,81.6,0.004,100.0,4.17,rain,0.0,0.0,16.8,8.1,13.0,1010.7,38.5,8.0,244.2,21.0,9.0,60.0,2024-01-05T06:23:45,2024-01-05T18:07:45,0.8,"Rain, Partially cloudy",Partly cloudy throughout the day with late afternoon rain.,rain,"43450099999,43467099999,43486099999,43466099999"
"Colombo, Western, Sri Lanka",2024-01-06,87.9,77.1,81.2,98.0,77.1,85.2,75.9,84.8,0.238,100.0,12.5,rain,0.0,0.0,12.3,7.7,26.0,1010.7,59.3,7.7,212.8,18.4,8.0,30.0,2024-01-06T06:24:08,2024-01-06T18:08:16,0.83,"Rain, Partially cloudy",Partly cloudy throughout the day with rain.,rain,"43450099999,43467099999,43486099999,43466099999,remote"
"Colombo, Western, Sri Lanka",2024-01-07,88.1,75.3,81.2,102.7,75.3,86.1,76.4,86.2,2.244,100.0,29.17,rain,0.0,0.0,15.4,6.9,21.5,1010.9,63.6,7.5,218.1,19.0,8.0,10.0,2024-01-07T06:24:30,2024-01-07T18:08:46,0.86,"Rain, Partially cloudy",Partly cloudy throughout the day with a chance of rain throughout the day.,rain,"43450099999,43467099999,43486099999,43466099999"
"Colombo, Western, Sri Lanka",2024-01-08,86.1,75.3,80.0,97.4,75.3,84.2,76.2,88.8,0.015,100.0,16.67,rain,0.0,0.0,12.8,5.8,62.6,1011.2,56.4,7.8,148.6,12.8,6.0,10.0,2024-01-08T06:24:52,2024-01-08T18:09:16,0.9,"Rain, Partially cloudy",Partly cloudy throughout the day with rain.,rain,"43450099999,43467099999,43486099999,43466099999"
"Colombo, Western, Sri Lanka",2024-01-09,86.5,75.3,79.5,95.7,75.3,82.0,75.2,87.3,0.202,100.0,29.17,rain,0.0,0.0,23.9,12.8,51.8,1010.6,74.6,7.9,111.1,9.6,5.0,10.0,2024-01-09T06:25:13,2024-01-09T18:09:46,0.93,"Rain, Partially cloudy",Partly cloudy throughout the day with a chance of rain throughout the day.,rain,"43450099999,43467099999,43486099999,43466099999"
"Colombo, Western, Sri Lanka",2024-01-10,82.9,75.3,79.6,92.7,75.3,82.8,75.2,86.6,0.008,100.0,4.17,rain,0.0,0.0,21.3,10.3,41.5,1010.2,68.3,7.9,100.0,8.7,5.0,10.0,2024-01-10T06:25:33,2024-01-10T18:10:16,0.96,"Rain, Partially cloudy",Partly cloudy throughout the day with afternoon rain.,rain,"43450099999,43467099999,43486099999,43466099999"
"Colombo, Western, Sri Lanka",2024-01-11,87.9,75.3,80.8,99.5,75.3,85.3,74.4,81.6,0.671,100.0,8.33,rain,0.0,0.0,22.6,13.9,42.6,1010.8,59.3,7.6,113.5,9.7,5.0,30.0,2024-01-11T06:25:53,2024-01-11T18:10:45,0.0,"Rain, Partially cloudy",Partly cloudy throughout the day with rain.,rain,"43450099999,43467099999,43486099999,43466099999"
"Colombo, Western, Sri Lanka",2024-01-12,90.8,77.1,82.7,99.1,77.1,86.6,72.8,73.2,0.0,0.0,0.0,,0.0,0.0,24.2,16.1,43.3,1010.6,49.4,7.8,237.6,20.4,8.0,10.0,2024-01-12T06:26:12,2024-01-12T18:11:14,0.03,Partially cloudy,Partly cloudy throughout the day.,partly-cloudy-day,"43450099999,43467099999,43486099999,43466099999,remote"
"Colombo, Western, Sri Lanka",2024-01-13,91.5,73.5,81.8,101.1,73.5,84.7,72.0,73.7,0.0,0.0,0.0,,0.0,0.0,24.2,12.8,40.2,1011.8,32.8,7.1,246.5,21.3,8.0,10.0,2024-01-13T06:26:30,2024-01-13T18:11:42,0.06,Partially cloudy,Partly cloudy throughout the day.,partly-cloudy-day,"43450099999,43467099999,43486099999,43466099999"
"Colombo, Western, Sri Lanka",2024-01-14,90.3,71.7,81.0,95.0,71.7,83.4,70.3,71.7,0.0,0.0,0.0,,0.0,0.0,23.9,13.9,41.8,1011.8,27.0,7.2,249.8,21.6,8.0,10.0,2024-01-14T06:26:47,2024-01-14T18:12:10,0.1,Partially cloudy,Partly cloudy throughout the day.,partly-cloudy-day,"43450099999,43467099999,43486099999,43466099999"
"Colombo, Western, Sri Lanka",2024-01-15,88.4,73.4,79.2,89.5,73.4,79.7,66.1,66.7,0.0,0.0,0.0,,0.0,0.0,30.4,17.2,36.5,1011.7,25.5,7.0,273.5,23.6,9.0,10.0,2024-01-15T06:27:03,2024-01-15T18:12:38,0.13,Partially cloudy,Partly cloudy throughout the day.,partly-cloudy-day,"43450099999,43467099999,43486099999,43466099999"
"Colombo, Western, Sri Lanka",2024-01-16,87.9,69.9,78.7,94.4,69.9,80.4,69.2,74.0,0.0,0.0,0.0,rain,0.0,0.0,15.4,10.3,20.1,1011.3,31.1,6.6,230.9,19.8,8.0,10.0,2024-01-16T06:27:18,2024-01-16T18:13:05,0.17,Partially cloudy,Partly cloudy throughout the day.,partly-cloudy-day,"43450099999,43467099999,43486099999,43466099999,remote"
"Colombo, Western, Sri Lanka",2024-01-17,87.9,71.7,79.9,92.9,71.7,82.2,71.3,76.7,0.0,0.0,0.0,rain,0.0,0.0,14.8,8.6,357.6,1010.6,24.6,6.4,249.2,21.6,9.0,10.0,2024-01-17T06:27:33,2024-01-17T18:13:32,0.2,Partially cloudy,Partly cloudy throughout the day.,partly-cloudy-day,"43450099999,43467099999,remote"
"Colombo, Western, Sri Lanka",2024-01-18,89.7,73.5,81.3,100.5,73.5,85.8,74.3,80.4,0.097,100.0,4.17,rain,0.0,0.0,13.9,8.8,325.0,1010.7,34.5,6.5,244.6,21.0,8.0,30.0,2024-01-18T06:27:46,2024-01-18T18:13:58,0.25,"Rain, Partially cloudy",Partly cloudy throughout the day with late afternoon rain.,rain,"43450099999,43467099999"
"Colombo, Western, Sri Lanka",2024-01-19,86.1,77.0,81.6,95.9,77.0,86.7,75.7,82.8,2.748,100.0,16.67,rain,0.0,0.0,13.0,9.2,337.7,1010.9,54.9,7.1,221.9,19.1,8.0,10.0,2024-01-19T06:27:59,2024-01-19T18:14:24,0.27,"Rain, Partially cloudy",Partly cloudy throughout the day with rain.,rain,"43450099999,43467099999,43486099999,43466099999"
"Colombo, Western, Sri Lanka",2024-01-20,89.7,75.3,80.6,102.8,75.3,84.5,75.5,85.5,0.493,100.0,20.83,rain,0.0,0.0,16.8,8.9,22.8,1011.7,63.1,6.2,232.5,20.0,8.0,30.0,2024-01-20T06:28:11,2024-01-20T18:14:49,0.31,"Rain, Partially cloudy",Partly cloudy throughout the day with rain.,rain,"43450099999,43467099999,43486099999,43466099999,remote"
"Colombo, Western, Sri Lanka",2024-01-21,93.3,77.1,83.9,103.1,77.1,90.0,75.3,77.2,0.0,0.0,0.0,rain,0.0,0.0,12.5,8.1,33.7,1011.7,43.7,6.6,251.2,21.8,9.0,60.0,2024-01-21T06:28:22,2024-01-21T18:15:13,0.34,Partially cloudy,Partly cloudy throughout the day.,partly-cloudy-day,"43450099999,43467099999,43486099999,43466099999"
"Colombo, Western, Sri Lanka",2024-01-22,93.3,77.1,84.7,103.1,77.1,90.9,74.1,72.1,0.0,0.0,0.0,rain,0.0,0.0,16.6,13.9,52.4,1012.1,35.4,7.1,258.5,22.4,9.0,30.0,2024-01-22T06:28:32,2024-01-22T18:15:37,0.38,Partially cloudy,Partly cloudy throughout the day.,partly-cloudy-day,"43450099999,43467099999"
"Colombo, Western, Sri Lanka",2024-01-23,91.5,75.3,83.0,99.0,75.3,86.2,71.5,70.6,0.0,0.0,0.0,,0.0,0.0,19.9,11.4,36.4,1012.3,26.6,7.6,264.2,22.9,9.0,10.0,2024-01-23T06:28:41,2024-01-23T18:16:01,0.41,Partially cloudy,Clearing in the afternoon.,partly-cloudy-day,"43450099999,43467099999,remote,43466099999"
"Colombo, Western, Sri Lanka",2024-01-24,92.7,69.9,80.7,96.9,69.9,81.9,68.7,70.8,0.0,0.0,0.0,,0.0,0.0,16.3,10.3,34.5,1012.4,10.0,6.6,272.5,23.5,10.0,10.0,2024-01-24T06:28:49,2024-01-24T18:16:24,0.45,Clear,Clear conditions throughout the day.,clear-day,"43450099999,43467099999,43486099999,43466099999"
"Colombo, Western, Sri Lanka",2024-01-25,93.3,69.9,80.3,100.8,69.9,81.5,67.6,69.2,0.0,0.0,0.0,rain,0.0,0.0,15.9,13.9,43.7,1012.9,8.1,6.1,277.2,23.9,10.0,10.0,2024-01-25T06:28:56,2024-01-25T18:16:46,0.5,Clear,Clear conditions throughout the day.,clear-day,"43450099999,43467099999"
"Colombo, Western, Sri Lanka",2024-01-26,93.3,69.9,80.9,97.9,69.9,83.2,69.1,69.9,0.0,0.0,0.0,,0.0,0.0,21.0,11.4,30.5,1013.9,18.2,6.7,264.8,22.6,9.0,10.0,2024-01-26T06:29:02,2024-01-26T18:17:08,0.52,Clear,Clear conditions throughout the day.,clear-day,"43450099999,43467099999"
"Colombo, Western, Sri Lanka",2024-01-27,91.5,73.5,81.9,98.0,73.5,85.4,71.4,72.0,0.0,0.0,0.0,,0.0,0.0,22.8,11.4,27.2,1013.7,18.5,7.6,270.6,23.2,9.0,10.0,2024-01-27T06:29:07,2024-01-27T18:17:29,0.55,Clear,Clear conditions throughout the day.,clear-day,"43450099999,43467099999"
"Colombo, Western, Sri Lanka",2024-01-28,91.5,75.3,83.2,98.9,75.3,87.2,72.5,71.7,0.0,0.0,0.0,rain,0.0,0.0,25.7,15.0,30.3,1013.1,40.5,7.3,241.0,20.7,8.0,30.0,2024-01-28T06:29:11,2024-01-28T18:17:49,0.58,Partially cloudy,Partly cloudy throughout the day.,partly-cloudy-day,"43450099999,43467099999,remote"
"Colombo, Western, Sri Lanka",2024-01-29,89.7,77.1,82.6,96.7,77.1,86.4,72.6,72.9,0.0,0.0,0.0,rain,0.0,0.0,23.7,16.1,37.4,1012.9,47.2,6.4,223.3,19.2,8.0,30.0,2024-01-29T06:29:14,2024-01-29T18:18:09,0.62,Partially cloudy,Partly cloudy throughout the day.,partly-cloudy-day,"43450099999,43467099999,remote"
"Colombo, Western, Sri Lanka",2024-01-30,89.7,75.3,82.4,98.8,75.3,87.3,74.1,76.9,0.052,100.0,8.33,rain,0.0,0.0,23.5,11.4,21.9,1012.7,54.1,6.7,241.2,20.9,9.0,30.0,2024-01-30T06:29:17,2024-01-30T18:18:28,0.65,"Rain, Partially cloudy",Becoming cloudy in the afternoon with late afternoon rain.,rain,"43450099999,43467099999"
"Colombo, Western, Sri Lanka",2024-01-31,89.7,75.3,82.0,100.5,75.3,87.1,76.0,83.1,0.095,100.0,8.33,rain,0.0,0.0,13.4,8.1,18.9,1013.3,75.8,6.5,186.6,16.1,8.0,30.0,2024-01-31T06:29:18,2024-01-31T18:18:46,0.68,"Rain, Partially cloudy",Partly cloudy throughout the day with rain clearing later.,rain,"43450099999,43467099999"
"Colombo, Western, Sri Lanka",2024-02-01,89.7,77.1,81.9,102.8,77.1,87.3,76.3,83.8,0.016,100.0,4.17,rain,0.0,0.0,17.9,9.2,2.5,1013.2,65.4,7.0,241.4,20.9,9.0,30.0,2024-02-01T06:29:18,2024-02-01T18:19:04,0.71,"Rain, Partially cloudy",Partly cloudy throughout the day with early morning rain.,rain,"43450099999,43467099999,43466099999"
"Colombo, Western, Sri Lanka",2024-02-02,89.7,73.5,81.7,102.8,73.5,87.5,75.5,82.8,0.171,100.0,4.17,rain,0.0,0.0,15.7,9.3,333.8,1012.8,34.8,6.6,257.7,22.4,9.0,30.0,2024-02-02T06:29:18,2024-02-02T18:19:21,0.75,"Rain, Partially cloudy",Clearing in the afternoon with morning rain.,rain,"43450099999,43467099999"
"Colombo, Western, Sri Lanka",2024-02-03,91.5,75.3,83.2,105.4,75.3,90.3,76.8,82.4,0.097,100.0,4.17,rain,0.0,0.0,19.2,9.9,355.3,1012.5,30.2,5.4,262.1,22.7,9.0,30.0,2024-02-03T06:29:16,2024-02-03T18:19:37,0.75,"Rain, Partially cloudy",Partly cloudy throughout the day with early morning rain.,rain,"43450099999,43467099999"
"Colombo, Western, Sri Lanka",2024-02-04,93.3,73.5,82.7,102.8,73.5,88.1,74.3,77.2,0.0,0.0,0.0,rain,0.0,0.0,20.6,11.2,19.6,1013.8,49.6,6.7,247.7,21.3,9.0,30.0,2024-02-04T06:29:14,2024-02-04T18:19:52,0.81,Partially cloudy,Becoming cloudy in the afternoon.,partly-cloudy-day,"43450099999,43467099999,43466099999"
"Colombo, Western, Sri Lanka",2024-02-05,93.4,77.1,83.5,103.8,77.1,89.0,75.0,77.3,0.004,100.0,4.17,rain,0.0,0.0,16.3,9.2,33.0,1013.8,50.1,6.3,239.3,20.5,9.0,30.0,2024-02-05T06:29:10,2024-02-05T18:20:07,0.85,"Rain, Partially cloudy",Partly cloudy throughout the day with late afternoon rain.,rain,"43450099999,43467099999,43486099999,remote"
"Colombo, Western, Sri Lanka",2024-02-06,95.1,75.3,83.7,107.8,75.3,86.9,71.6,69.8,0.0,0.0,0.0,,0.0,0.0,22.4,11.4,42.3,1013.1,35.3,5.9,281.7,24.3,10.0,30.0,2024-02-06T06:29:06,2024-02-06T18:20:21,0.88,Partially cloudy,Partly cloudy throughout the day.,partly-cloudy-day,43450099999
"Colombo, Western, Sri Lanka",2024-02-07,91.5,73.5,81.7,98.9,73.5,85.2,71.2,71.7,0.0,0.0,0.0,,0.0,0.0,21.3,10.3,22.9,1013.3,25.4,5.7,255.6,22.1,9.0,30.0,2024-02-07T06:29:01,2024-02-07T18:20:35,0.91,Partially cloudy,Partly cloudy throughout the day.,partly-cloudy-day,43450099999
"Colombo, Western, Sri Lanka",2024-02-08,91.5,69.9,80.8,98.9,69.9,84.5,71.9,76.3,0.0,0.0,0.0,,0.0,0.0,20.6,11.6,70.9,1012.6,36.4,6.1,265.3,23.0,9.0,30.0,2024-02-08T06:28:54,2024-02-08T18:20:48,0.94,Partially cloudy,Partly cloudy throughout the day.,partly-cloudy-day,"43450099999,remote"
"Colombo, Western, Sri Lanka",2024-02-09,93.3,71.7,81.4,98.4,71.7,84.2,70.8,72.6,0.0,0.0,0.0,,0.0,0.0,17.9,12.8,59.6,1012.6,29.9,6.0,276.0,23.9,10.0,10.0,2024-02-09T06:28:47,2024-02-09T18:21:00,0.98,Partially cloudy,Partly cloudy throughout the day.,partly-cloudy-day,43450099999
"Colombo, Western, Sri Lanka",2024-02-10,95.1,71.7,82.5,98.6,71.7,84.3,68.2,65.5,0.0,0.0,0.0,,0.0,0.0,20.4,17.2,49.7,1013.5,13.0,6.1,276.0,24.0,10.0,10.0,2024-02-10T06:28:39,2024-02-10T18:21:11,0.0,Clear,Clear conditions throughout the day.,clear-day,"43450099999,remote"
"Colombo, Western, Sri Lanka",2024-02-11,95.1,71.7,82.6,99.4,71.7,84.9,69.8,68.2,0.0,0.0,0.0,,0.0,0.0,24.4,16.1,47.2,1013.5,17.9,5.4,278.0,24.2,10.0,10.0,2024-02-11T06:28:30,2024-02-11T18:21:22,0.05,Clear,Clear conditions throughout the day.,clear-day,43450099999
"Colombo, Western, Sri Lanka",2024-02-12,95.1,75.3,84.1,101.6,75.3,87.9,71.4,67.6,0.0,0.0,0.0,,0.0,0.0,24.4,16.1,38.9,1012.6,35.8,6.9,264.2,22.9,9.0,30.0,2024-02-12T06:28:20,2024-02-12T18:21:32,0.08,Partially cloudy,Partly cloudy throughout the day.,partly-cloudy-day,"43450099999,remote"
"Colombo, Western, Sri Lanka",2024-02-13,96.9,77.1,85.1,107.7,77.1,91.0,74.7,73.3,0.0,0.0,0.0,rain,0.0,0.0,26.6,16.1,41.0,1012.0,45.1,6.0,249.7,21.5,9.0,30.0,2024-02-13T06:28:10,2024-02-13T18:21:41,0.11,Partially cloudy,Partly cloudy throughout the day.,partly-cloudy-day,43450099999
"Colombo, Western, Sri Lanka",2024-02-14,93.3,78.9,84.5,107.8,78.9,92.2,75.9,76.6,0.0,0.0,0.0,rain,0.0,0.0,21.9,13.9,41.6,1011.5,47.4,6.1,254.5,22.0,8.0,30.0,2024-02-14T06:27:58,2024-02-14T18:21:50,0.15,Partially cloudy,Partly cloudy throughout the day.,partly-cloudy-day,43450099999
"Colombo, Western, Sri Lanka",2024-02-15,91.5,78.9,84.5,105.3,78.9,92.2,75.8,76.2,0.0,0.0,0.0,rain,0.0,0.0,20.1,16.1,40.2,1011.5,43.3,6.1,230.7,19.9,9.0,30.0,2024-02-15T06:27:46,2024-02-15T18:21:58,0.18,Partially cloudy,Partly cloudy throughout the day.,partly-cloudy-day,43450099999
"Colombo, Western, Sri Lanka",2024-02-16,91.5,77.1,82.6,102.9,77.1,87.7,74.4,77.1,0.0,0.0,0.0,rain,0.0,0.0,24.8,16.1,44.9,1011.5,39.8,6.3,265.2,22.9,9.0,30.0,2024-02-16T06:27:33,2024-02-16T18:22:05,0.25,Partially cloudy,Becoming cloudy in the afternoon.,partly-cloudy-day,"43450099999,remote"
"Colombo, Western, Sri Lanka",2024-02-17,96.9,77.1,85.6,107.7,77.1,90.9,73.7,70.2,0.0,0.0,0.0,rain,0.0,0.0,23.3,13.9,39.5,1010.7,34.9,5.9,263.8,22.8,9.0,30.0,2024-02-17T06:27:19,2024-02-17T18:22:12,0.25,Partially cloudy,Becoming cloudy in the afternoon.,partly-cloudy-day,43450099999
"Colombo, Western, Sri Lanka",2024-02-18,98.7,75.3,86.1,104.4,75.3,90.0,71.0,64.1,0.0,0.0,0.0,,0.0,0.0,19.2,12.8,45.9,1010.6,36.2,6.2,273.3,23.5,10.0,30.0,2024-02-18T06:27:04,2024-02-18T18:22:18,0.29,Partially cloudy,Partly cloudy throughout the day.,partly-cloudy-day,"43450099999,43467099999"
"Colombo, Western, Sri Lanka",2024-02-19,95.1,71.7,83.2,111.2,71.7,89.5,74.6,77.8,0.0,0.0,0.0,,0.0,0.0,20.4,9.2,40.2,1010.8,24.0,5.4,275.4,23.9,10.0,30.0,2024-02-19T06:26:48,2024-02-19T18:22:23,0.32,Partially cloudy,Partly cloudy throughout the day.,partly-cloudy-day,43450099999
"Colombo, Western, Sri Lanka",2024-02-20,93.3,75.3,83.6,105.4,75.3,90.2,75.7,79.1,0.0,0.0,0.0,,0.0,0.0,19.5,9.2,353.0,1011.1,26.2,5.8,276.6,23.9,9.0,30.0,2024-02-20T06:26:32,2024-02-20T18:22:28,0.35,Partially cloudy,Partly cloudy throughout the day.,partly-cloudy-day,43450099999
"Colombo, Western, Sri Lanka",2024-02-21,91.5,78.9,84.2,108.1,78.9,92.1,76.5,79.0,0.0,0.0,0.0,rain,0.0,0.0,19.0,9.2,217.2,1011.1,30.4,6.2,278.5,24.0,9.0,30.0,2024-02-21T06:26:15,2024-02-21T18:22:32,0.39,Partially cloudy,Partly cloudy throughout the day.,partly-cloudy-day,"43450099999,remote"
"Colombo, Western, Sri Lanka",2024-02-22,91.5,77.1,85.1,105.3,77.1,94.5,76.7,77.0,0.004,100.0,4.17,rain,0.0,0.0,20.4,10.3,245.8,1011.9,38.1,6.2,253.7,21.8,9.0,30.0,2024-02-22T06:25:57,2024-02-22T18:22:36,0.42,"Rain, Partially cloudy",Partly cloudy throughout the day with morning rain.,rain,"43450099999,remote"
"Colombo, Western, Sri Lanka",2024-02-23,91.5,77.1,85.1,105.4,77.1,94.9,77.2,78.4,0.0,0.0,0.0,rain,0.0,0.0,20.6,10.3,230.6,1011.4,32.2,6.4,282.8,24.5,10.0,30.0,2024-02-23T06:25:39,2024-02-23T18:22:39,0.46,Partially cloudy,Partly cloudy throughout the day.,partly-cloudy-day,"43450099999,remote"
"Colombo, Western, Sri Lanka",2024-02-24,89.7,78.9,84.3,105.5,78.9,94.6,78.2,82.6,0.0,0.0,0.0,rain,0.0,0.0,17.7,6.9,284.2,1002.5,56.8,6.1,245.2,21.2,8.0,30.0,2024-02-24T06:25:20,2024-02-24T18:22:41,0.5,Partially cloudy,Partly cloudy throughout the day.,partly-cloudy-day,"AVHP,43450099999"
"Colombo, Western, Sri Lanka",2024-02-25,91.5,75.3,83.5,105.3,75.3,91.2,77.3,83.0,0.0,0.0,0.0,rain,0.0,0.0,21.0,10.3,282.5,1009.2,28.4,5.6,266.7,22.8,9.0,30.0,2024-02-25T06:25:00,2024-02-25T18:22:43,0.53,Partially cloudy,Partly cloudy throughout the day.,partly-cloudy-day,"43450099999,remote"
"Colombo, Western, Sri Lanka",2024-02-26,98.7,77.1,86.5,107.9,77.1,93.5,74.5,69.9,0.0,0.0,0.0,rain,0.0,0.0,18.3,13.9,54.6,1008.7,43.3,6.3,259.9,22.4,9.0,30.0,2024-02-26T06:24:39,2024-02-26T18:22:45,0.56,Partially cloudy,Becoming cloudy in the afternoon.,partly-cloudy-day,"43450099999,43467099999,43486099999,remote"
"Colombo, Western, Sri Lanka",2024-02-27,96.9,80.7,87.4,107.7,86.4,94.3,73.1,64.7,0.0,0.0,0.0,,0.0,0.0,26.8,17.2,46.4,1009.0,34.9,6.3,256.0,22.0,9.0,60.0,2024-02-27T06:24:18,2024-02-27T18:22:45,0.59,Partially cloudy,Partly cloudy throughout the day.,partly-cloudy-day,"43450099999,43467099999,43486099999,43466099999"
"Colombo, Western, Sri Lanka",2024-02-28,96.9,78.5,85.7,103.8,78.5,90.0,71.7,65.5,0.0,0.0,0.0,,0.0,0.0,25.9,18.3,42.8,1001.0,28.3,7.6,268.3,23.0,9.0,60.0,2024-02-28T06:23:57,2024-02-28T18:22:46,0.63,Partially cloudy,Partly cloudy throughout the day.,partly-cloudy-day,"AVHP,43450099999,43467099999,43486099999,43466099999,remote"
"Colombo, Western, Sri Lanka",2024-02-29,96.9,75.3,85.1,105.4,75.3,91.0,73.0,69.6,0.0,0.0,0.0,,0.0,0.0,21.7,13.9,48.7,1009.9,38.6,6.2,271.7,23.6,9.0,30.0,2024-02-29T06:23:34,2024-02-29T18:22:46,0.66,Partially cloudy,Partly cloudy throughout the day.,partly-cloudy-day,"43450099999,remote"
"Colombo, Western, Sri Lanka",2024-03-01,96.9,77.1,86.2,103.8,77.1,90.9,72.1,65.5,0.0,0.0,0.0,rain,0.0,0.0,18.3,13.9,45.4,1011.0,58.7,6.1,266.3,23.0,10.0,30.0,2024-03-01T06:23:11,2024-03-01T18:22:45,0.69,Partially cloudy,Partly cloudy throughout the day.,partly-cloudy-day,43450099999
"Colombo, Western, Sri Lanka",2024-03-02,95.1,77.1,84.8,102.8,77.1,91.3,74.2,72.7,0.004,100.0,4.17,rain,0.0,0.0,19.0,10.3,6.2,1011.5,39.1,6.9,241.2,20.9,8.0,30.0,2024-03-02T06:22:48,2024-03-02T18:22:44,0.73,"Rain, Partially cloudy",Clearing in the afternoon with early morning rain.,rain,"43450099999,remote"
"Colombo, Western, Sri Lanka",2024-03-03,91.5,75.3,83.5,105.3,75.3,91.0,76.2,79.6,0.0,0.0,0.0,,0.0,0.0,19.2,8.1,284.8,1002.6,25.9,5.9,272.7,23.5,9.0,30.0,2024-03-03T06:22:24,2024-03-03T18:22:43,0.75,Partially cloudy,Partly cloudy throughout the day.,partly-cloudy-day,"AVHP,43450099999,remote"
"Colombo, Western, Sri Lanka",2024-03-04,93.3,75.3,83.1,103.7,75.3,87.2,74.3,77.2,0.0,0.0,0.0,,0.0,0.0,21.7,10.3,298.0,994.4,23.3,5.2,279.3,24.1,10.0,10.0,2024-03-04T06:22:00,2024-03-04T18:22:41,0.79,Partially cloudy,Partly cloudy throughout the day.,partly-cloudy-day,"AVHP,43450099999"
"Colombo, Western, Sri Lanka",2024-03-05,91.5,73.5,82.0,102.9,73.5,86.9,73.8,77.8,0.0,0.0,0.0,,0.0,0.0,21.5,13.9,255.6,1011.2,25.3,5.4,281.9,24.4,10.0,10.0,2024-03-05T06:21:35,2024-03-05T18:22:38,0.83,Partially cloudy,Partly cloudy throughout the day.,partly-cloudy-day,43450099999
"Colombo, Western, Sri Lanka",2024-03-06,91.5,75.3,83.2,100.5,75.3,88.4,74.9,77.7,0.0,0.0,0.0,rain,0.0,0.0,17.7,6.9,326.7,1011.5,47.9,5.7,247.6,21.2,8.0,30.0,2024-03-06T06:21:10,2024-03-06T18:22:36,0.86,Partially cloudy,Partly cloudy throughout the day.,partly-cloudy-day,43450099999
"Colombo, Western, Sri Lanka",2024-03-07,91.5,75.3,83.4,100.8,75.3,88.8,74.8,77.0,0.0,0.0,0.0,rain,0.0,0.0,17.7,9.2,306.7,1002.4,29.3,6.0,230.4,19.9,8.0,30.0,2024-03-07T06:20:44,2024-03-07T18:22:33,0.9,Partially cloudy,Partly cloudy throughout the day.,partly-cloudy-day,"AVHP,43450099999,remote"
"Colombo, Western, Sri Lanka",2024-03-08,91.5,77.1,84.1,100.8,77.1,90.8,75.3,76.2,0.0,0.0,0.0,rain,0.0,0.0,15.9,8.1,246.2,1011.5,36.6,6.1,257.3,22.1,9.0,30.0,2024-03-08T06:20:18,2024-03-08T18:22:29,0.93,Partially cloudy,Partly cloudy throughout the day.,partly-cloudy-day,"43450099999,remote"
"Colombo, Western, Sri Lanka",2024-03-09,93.3,73.5,83.5,103.1,73.5,89.0,74.2,75.2,0.0,0.0,0.0,,0.0,0.0,19.2,11.4,242.5,1011.1,31.7,5.9,289.2,25.2,10.0,10.0,2024-03-09T06:19:51,2024-03-09T18:22:25,0.96,Partially cloudy,Partly cloudy throughout the day.,partly-cloudy-day,"43450099999,43486099999"
"Colombo, Western, Sri Lanka",2024-03-10,93.3,75.3,84.1,111.2,75.3,90.2,74.9,75.6,0.0,0.0,0.0,rain,0.0,0.0,23.0,8.1,322.8,1012.4,16.3,5.8,275.7,23.8,9.0,10.0,2024-03-10T06:19:25,2024-03-10T18:22:21,0.0,Clear,Clear conditions throughout the day.,clear-day,43450099999
"Colombo, Western, Sri Lanka",2024-03-11,95.1,71.7,82.6,105.3,71.7,87.7,73.5,75.9,0.0,0.0,0.0,rain,0.0,0.0,22.4,13.9,251.1,1013.5,19.2,5.6,284.5,24.6,9.0,10.0,2024-03-11T06:18:57,2024-03-11T18:22:17,0.03,Clear,Clear conditions throughout the day.,clear-day,43450099999
"Colombo, Western, Sri Lanka",2024-03-12,93.3,75.3,84.5,105.3,75.3,91.2,75.4,75.9,0.0,0.0,0.0,rain,0.0,0.0,19.0,10.3,277.9,1013.0,22.9,5.7,280.5,24.3,10.0,10.0,2024-03-12T06:18:30,2024-03-12T18:22:12,0.06,Partially cloudy,Partly cloudy throughout the day.,partly-cloudy-day,"43450099999,remote"
"Colombo, Western, Sri Lanka",2024-03-13,93.3,77.1,84.5,105.3,77.1,92.1,76.2,77.5,0.0,0.0,0.0,rain,0.0,0.0,20.4,6.9,268.3,1012.4,27.1,5.7,252.9,21.9,9.0,30.0,2024-03-13T06:18:02,2024-03-13T18:22:07,0.1,Partially cloudy,Partly cloudy throughout the day.,partly-cloudy-day,43450099999
"Colombo, Western, Sri Lanka",2024-03-14,91.5,77.1,84.1,102.9,77.1,90.5,75.6,77.2,0.0,0.0,0.0,rain,0.0,0.0,20.6,8.1,269.5,1012.3,29.4,5.5,284.4,24.5,10.0,30.0,2024-03-14T06:17:34,2024-03-14T18:22:02,0.13,Partially cloudy,Partly cloudy throughout the day.,partly-cloudy-day,43450099999
"Colombo, Western, Sri Lanka",2024-03-15,93.3,75.3,84.5,105.4,75.3,92.6,76.4,78.2,0.0,0.0,0.0,rain,0.0,0.0,19.0,12.8,224.5,1011.5,29.2,5.5,269.0,23.2,9.0,30.0,2024-03-15T06:17:05,2024-03-15T18:21:57,0.16,Partially cloudy,Partly cloudy throughout the day.,partly-cloudy-day,43450099999
"Colombo, Western, Sri Lanka",2024-03-16,93.3,78.9,85.9,105.4,78.9,94.6,76.1,73.8,0.0,0.0,0.0,rain,0.0,0.0,20.1,11.4,217.1,1011.4,32.6,6.0,285.7,24.8,10.0,30.0,2024-03-16T06:16:37,2024-03-16T18:21:51,0.2,Partially cloudy,Partly cloudy throughout the day.,partly-cloudy-day,"43450099999,43467099999"
"Colombo, Western, Sri Lanka",2024-03-17,93.3,77.1,85.3,111.2,77.1,94.0,76.4,75.9,0.0,0.0,0.0,rain,0.0,0.0,15.4,6.9,295.1,1011.1,32.7,5.9,283.8,24.5,10.0,30.0,2024-03-17T06:16:08,2024-03-17T18:21:46,0.25,Partially cloudy,Partly cloudy throughout the day.,partly-cloudy-day,43450099999
"Colombo, Western, Sri Lanka",2024-03-18,91.5,75.3,84.1,98.9,75.3,89.2,73.6,72.7,0.0,0.0,0.0,rain,0.0,0.0,20.8,11.4,277.1,1010.8,24.2,6.0,276.8,24.0,10.0,30.0,2024-03-18T06:15:39,2024-03-18T18:21:40,0.26,Partially cloudy,Partly cloudy throughout the day.,partly-cloudy-day,43450099999
"Colombo, Western, Sri Lanka",2024-03-19,91.5,75.3,84.0,102.9,75.3,90.5,74.0,72.9,0.0,0.0,0.0,rain,0.0,0.0,18.6,11.4,230.1,1010.6,37.8,5.9,266.7,23.0,9.0,10.0,2024-03-19T06:15:10,2024-03-19T18:21:34,0.3,Partially cloudy,Partly cloudy throughout the day.,partly-cloudy-day,43450099999
"Colombo, Western, Sri Lanka",2024-03-20,91.5,78.9,85.3,105.3,78.9,93.9,75.7,74.0,0.004,100.0,4.17,rain,0.0,0.0,18.8,10.7,273.1,1010.3,42.8,7.1,272.9,23.6,9.0,30.0,2024-03-20T06:14:41,2024-03-20T18:21:27,0.33,"Rain, Partially cloudy",Partly cloudy throughout the day with morning rain.,rain,"43450099999,remote"
"Colombo, Western, Sri Lanka",2024-03-21,93.3,77.1,84.8,103.1,77.1,92.4,75.8,76.0,0.0,0.0,0.0,rain,0.0,0.0,15.7,9.2,342.4,1009.5,51.7,5.8,262.7,22.7,9.0,30.0,2024-03-21T06:14:11,2024-03-21T18:21:21,0.37,Partially cloudy,Partly cloudy throughout the day.,partly-cloudy-day,43450099999
"Colombo, Western, Sri Lanka",2024-03-22,93.3,77.1,83.3,107.8,77.1,90.0,76.5,81.4,0.044,100.0,12.5,rain,0.0,0.0,19.0,8.1,335.1,1008.7,66.5,6.3,235.8,20.4,8.0,30.0,2024-03-22T06:13:42,2024-03-22T18:21:15,0.4,"Rain, Partially cloudy",Partly cloudy throughout the day with rain.,rain,"43450099999,remote"
"Colombo, Western, Sri Lanka",2024-03-23,91.5,73.5,82.6,105.5,73.5,89.1,75.9,82.2,0.024,100.0,4.17,rain,0.0,0.0,15.9,8.1,246.5,1008.5,39.8,5.9,230.1,20.0,9.0,30.0,2024-03-23T06:13:12,2024-03-23T18:21:08,0.43,"Rain, Partially cloudy",Partly cloudy throughout the day with late afternoon rain.,rain,"43450099999,remote"
"Colombo, Western, Sri Lanka",2024-03-24,91.5,77.1,82.1,108.1,77.1,88.1,76.7,84.8,0.008,100.0,8.33,rain,0.0,0.0,15.7,8.1,198.1,1010.3,49.9,6.3,264.8,23.0,9.0,30.0,2024-03-24T06:12:43,2024-03-24T18:21:02,0.47,"Rain, Partially cloudy",Partly cloudy throughout the day with rain.,rain,"43450099999,remote"
"Colombo, Western, Sri Lanka",2024-03-25,93.3,75.3,83.9,107.8,75.3,91.6,76.6,80.6,0.0,0.0,0.0,,0.0,0.0,15.0,8.1,351.8,1010.2,34.2,5.8,262.2,22.6,9.0,30.0,2024-03-25T06:12:13,2024-03-25T18:20:55,0.5,Partially cloudy,Partly cloudy throughout the day.,partly-cloudy-day,43450099999
"Colombo, Western, Sri Lanka",2024-03-26,91.5,78.9,85.5,105.3,78.9,95.5,77.5,78.3,0.02,100.0,16.67,rain,0.0,0.0,17.2,8.1,265.3,1011.0,32.3,7.4,273.1,23.6,9.0,30.0,2024-03-26T06:11:44,2024-03-26T18:20:48,0.53,"Rain, Partially cloudy",Partly cloudy throughout the day with late afternoon rain.,rain,"43450099999,remote"
"Colombo, Western, Sri Lanka",2024-03-27,93.3,80.3,86.1,105.3,86.2,94.9,75.7,73.3,0.028,100.0,20.83,rain,0.0,0.0,14.5,10.3,202.2,1012.5,39.0,9.1,267.4,23.1,9.0,30.0,2024-03-27T06:11:14,2024-03-27T18:20:42,0.57,"Rain, Partially cloudy",Partly cloudy throughout the day with rain clearing later.,rain,"43450099999,remote"
"Colombo, Western, Sri Lanka",2024-03-28,87.9,81.2,83.7,101.9,88.7,93.6,77.5,81.8,0.265,100.0,54.17,rain,0.0,0.0,16.8,8.3,250.0,1011.3,77.7,13.9,255.5,22.0,10.0,30.0,2024-03-28T06:10:44,2024-03-28T18:20:35,0.6,"Rain, Partially cloudy",Partly cloudy throughout the day with a chance of rain throughout the day.,rain,remote
"Colombo, Western, Sri Lanka",2024-03-29,87.5,79.2,83.3,100.8,79.2,91.0,76.6,80.7,0.092,100.0,66.67,rain,0.0,0.0,15.9,8.9,237.1,1010.9,67.5,14.8,254.4,21.9,10.0,30.0,2024-03-29T06:10:15,2024-03-29T18:20:29,0.64,"Rain, Partially cloudy",Partly cloudy throughout the day with a chance of rain throughout the day.,rain,remote
"Colombo, Western, Sri Lanka",2024-03-30,87.5,80.9,84.1,99.8,86.7,93.1,76.3,77.6,0.076,100.0,45.83,rain,0.0,0.0,15.0,8.1,217.9,1011.8,32.5,14.7,270.1,23.2,9.0,30.0,2024-03-30T06:09:45,2024-03-30T18:20:22,0.67,"Rain, Partially cloudy",Becoming cloudy in the afternoon with rain.,rain,remote
"Colombo, Western, Sri Lanka",2024-03-31,89.1,80.9,84.5,100.2,87.2,93.5,76.3,76.9,0.051,100.0,12.5,rain,0.0,0.0,12.3,6.3,189.9,1012.5,16.8,14.2,284.3,24.5,10.0,10.0,2024-03-31T06:09:16,2024-03-31T18:20:16,0.71,Rain,Clear conditions throughout the day with rain.,rain,remote
"Colombo, Western, Sri Lanka",2024-04-01,87.2,81.4,83.8,101.0,88.7,93.9,77.5,81.6,0.04,100.0,33.33,rain,0.0,0.0,16.6,9.2,214.7,1010.6,41.3,14.7,256.1,22.2,9.0,30.0,2024-04-01T06:08:47,2024-04-01T18:20:10,0.74,"Rain, Partially cloudy",Partly cloudy throughout the day with a chance of rain throughout the day.,rain,remote
"Colombo, Western, Sri Lanka",2024-04-02,89.3,77.1,83.3,103.3,77.1,90.9,76.7,81.0,0.219,100.0,54.17,rain,0.0,0.0,14.8,7.4,198.8,1008.8,42.6,10.1,265.9,23.0,9.0,60.0,2024-04-02T06:08:18,2024-04-02T18:20:03,0.75,"Rain, Partially cloudy",Partly cloudy throughout the day with a chance of rain throughout the day.,rain,"43450099999,remote"
"Colombo, Western, Sri Lanka",2024-04-03,91.5,78.9,85.3,105.4,78.9,95.0,77.4,78.2,0.091,100.0,4.17,rain,0.0,0.0,16.6,9.2,209.3,1009.6,50.5,7.1,262.7,22.6,9.0,30.0,2024-04-03T06:07:49,2024-04-03T18:19:57,0.81,"Rain, Partially cloudy",Partly cloudy throughout the day with early morning rain.,rain,"43450099999,remote"
"Colombo, Western, Sri Lanka",2024-04-04,93.3,78.9,84.5,108.1,78.9,93.2,77.5,80.9,0.0,0.0,0.0,rain,0.0,0.0,14.3,8.1,206.7,1009.6,50.0,6.1,273.4,23.7,9.0,30.0,2024-04-04T06:07:20,2024-04-04T18:19:51,0.84,Partially cloudy,Partly cloudy throughout the day.,partly-cloudy-day,43450099999
"Colombo, Western, Sri Lanka",2024-04-05,91.5,78.9,84.9,111.2,78.9,96.0,79.1,83.6,0.0,0.0,0.0,rain,0.0,0.0,17.0,9.2,261.5,1009.2,43.3,6.2,256.7,22.3,9.0,60.0,2024-04-05T06:06:52,2024-04-05T18:19:45,0.88,Partially cloudy,Partly cloudy throughout the day.,partly-cloudy-day,43450099999
"Colombo, Western, Sri Lanka",2024-04-06,93.3,80.7,86.4,111.2,88.4,100.3,79.6,81.1,0.0,0.0,0.0,,0.0,0.0,17.0,11.4,214.5,1008.0,34.0,6.0,272.3,23.5,10.0,60.0,2024-04-06T06:06:23,2024-04-06T18:19:40,0.91,Partially cloudy,Partly cloudy throughout the day.,partly-cloudy-day,43450099999
"Colombo, Western, Sri Lanka",2024-04-07,91.5,80.7,85.7,111.2,88.4,98.3,78.9,80.8,0.004,100.0,4.17,rain,0.0,0.0,17.2,9.2,225.7,1008.1,49.5,6.4,259.5,22.4,9.0,60.0,2024-04-07T06:05:55,2024-04-07T18:19:34,0.95,"Rain, Partially cloudy",Partly cloudy throughout the day with early morning rain.,rain,"43450099999,43467099999,remote"
"Colombo, Western, Sri Lanka",2024-04-08,91.5,78.9,85.4,108.1,78.9,96.2,78.3,80.1,0.0,0.0,0.0,rain,0.0,0.0,15.9,8.1,211.7,1008.8,39.8,6.5,276.7,23.9,9.0,30.0,2024-04-08T06:05:27,2024-04-08T18:19:29,0.0,Partially cloudy,Partly cloudy throughout the day.,partly-cloudy-day,"43450099999,remote"
"Colombo, Western, Sri Lanka",2024-04-09,93.3,78.9,86.4,108.1,78.9,98.1,78.1,77.5,0.0,0.0,0.0,,0.0,0.0,17.9,6.9,328.0,1008.5,34.2,6.2,288.8,24.9,9.0,30.0,2024-04-09T06:05:00,2024-04-09T18:19:24,0.02,Partially cloudy,Partly cloudy throughout the day.,partly-cloudy-day,"43450099999,43486099999"
"Colombo, Western, Sri Lanka",2024-04-10,95.1,78.9,86.4,110.2,78.9,95.2,76.0,73.0,0.0,0.0,0.0,rain,0.0,0.0,16.8,9.2,18.4,1008.5,43.3,6.2,257.5,21.9,9.0,30.0,2024-04-10T06:04:33,2024-04-10T18:19:19,0.05,Partially cloudy,Partly cloudy throughout the day.,partly-cloudy-day,"43450099999,remote"
"Colombo, Western, Sri Lanka",2024-04-11,91.5,78.9,83.8,111.2,78.9,92.6,78.5,84.8,0.035,100.0,4.17,rain,0.0,0.0,18.1,8.1,293.3,1009.1,54.8,6.0,261.3,22.5,9.0,30.0,2024-04-11T06:04:06,2024-04-11T18:19:14,0.08,"Rain, Partially cloudy",Partly cloudy throughout the day with late afternoon rain.,rain,"43450099999,remote"
"Colombo, Western, Sri Lanka",2024-04-12,91.5,77.1,80.9,108.1,77.1,85.0,76.5,87.5,0.016,100.0,4.17,rain,0.0,0.0,16.8,9.2,278.0,1009.1,51.4,6.8,226.9,19.5,9.0,30.0,2024-04-12T06:03:39,2024-04-12T18:19:10,0.12,"Rain, Partially cloudy",Partly cloudy throughout the day with afternoon rain.,rain,"43450099999,43467099999,remote"
"Colombo, Western, Sri Lanka",2024-04-13,89.7,75.3,81.9,102.8,75.3,87.2,76.2,84.0,0.016,100.0,4.17,rain,0.0,0.0,12.5,11.4,279.8,1009.3,48.6,6.0,200.0,17.2,9.0,30.0,2024-04-13T06:03:13,2024-04-13T18:19:06,0.15,"Rain, Partially cloudy",Partly cloudy throughout the day with late afternoon rain.,rain,"43450099999,remote"
"Colombo, Western, Sri Lanka",2024-04-14,91.5,77.1,82.3,108.1,77.1,87.5,77.0,85.4,0.004,100.0,4.17,rain,0.0,0.0,15.4,9.2,140.8,1009.3,44.4,5.7,249.1,21.5,9.0,60.0,2024-04-14T06:02:47,2024-04-14T18:19:02,0.18,"Rain, Partially cloudy",Partly cloudy throughout the day with late afternoon rain.,rain,"43450099999,remote"
"Colombo, Western, Sri Lanka",2024-04-15,89.7,77.1,81.6,108.4,77.1,87.5,77.7,88.7,0.126,100.0,4.17,rain,0.0,0.0,13.0,12.8,181.3,1009.8,49.6,6.3,233.8,20.2,9.0,30.0,2024-04-15T06:02:22,2024-04-15T18:18:59,0.21,"Rain, Partially cloudy",Becoming cloudy in the afternoon with late afternoon rain.,rain,"43450099999,remote"
"Colombo, Western, Sri Lanka",2024-04-16,91.5,77.1,83.8,105.3,77.1,91.9,77.3,82.4,0.0,0.0,0.0,rain,0.0,0.0,15.9,8.1,205.4,1009.6,40.0,6.2,247.3,21.3,9.0,30.0,2024-04-16T06:01:57,2024-04-16T18:18:56,0.25,Partially cloudy,Partly cloudy throughout the day.,partly-cloudy-day,43450099999
"Colombo, Western, Sri Lanka",2024-04-17,91.5,78.9,85.2,108.1,78.9,96.7,78.7,81.9,0.0,0.0,0.0,,0.0,0.0,16.6,11.4,209.4,1009.3,40.3,6.4,276.5,23.8,10.0,30.0,2024-04-17T06:01:32,2024-04-17T18:18:53,0.28,Partially cloudy,Partly cloudy throughout the day.,partly-cloudy-day,"43450099999,remote"
"Colombo, Western, Sri Lanka",2024-04-18,91.5,77.1,85.1,111.2,77.1,95.6,78.1,80.5,0.0,0.0,0.0,rain,0.0,0.0,18.3,10.3,208.8,1008.6,39.3,6.2,280.0,24.1,9.0,60.0,2024-04-18T06:01:08,2024-04-18T18:18:50,0.31,Partially cloudy,Partly cloudy throughout the day.,partly-cloudy-day,43450099999
"Colombo, Western, Sri Lanka",2024-04-19,91.5,78.9,86.0,114.7,78.9,99.1,79.2,81.0,0.0,0.0,0.0,rain,0.0,0.0,19.5,9.2,230.4,1007.4,50.0,6.2,242.4,20.8,8.0,60.0,2024-04-19T06:00:44,2024-04-19T18:18:48,0.34,Partially cloudy,Partly cloudy throughout the day.,partly-cloudy-day,43450099999
"Colombo, Western, Sri Lanka",2024-04-20,91.5,78.9,86.6,114.7,78.9,101.6,80.1,81.4,0.004,100.0,4.17,rain,0.0,0.0,18.3,13.9,245.0,1007.0,51.0,6.5,253.8,21.7,8.0,60.0,2024-04-20T06:00:21,2024-04-20T18:18:46,0.38,"Rain, Partially cloudy",Partly cloudy throughout the day with early morning rain.,rain,"43450099999,remote"
"Colombo, Western, Sri Lanka",2024-04-21,91.5,78.9,85.4,114.7,78.9,99.1,80.0,84.6,0.0,0.0,0.0,rain,0.0,0.0,18.6,11.4,233.3,1007.3,60.6,6.3,258.6,22.2,9.0,60.0,2024-04-21T05:59:59,2024-04-21T18:18:45,0.41,Partially cloudy,Partly cloudy throughout the day.,partly-cloudy-day,"43450099999,remote"
"Colombo, Western, Sri Lanka",2024-04-22,93.3,78.9,85.1,111.2,78.9,96.6,79.2,83.5,0.0,0.0,0.0,rain,0.0,0.0,16.3,8.1,219.2,1008.1,57.5,5.8,262.4,22.6,9.0,60.0,2024-04-22T05:59:36,2024-04-22T18:18:43,0.44,Partially cloudy,Clearing in the afternoon.,partly-cloudy-day,43450099999
"Colombo, Western, Sri Lanka",2024-04-23,91.5,78.9,84.6,111.2,78.9,96.3,78.7,82.9,0.004,100.0,4.17,rain,0.0,0.0,15.4,6.9,180.9,1007.2,46.0,6.1,260.9,22.5,9.0,60.0,2024-04-23T05:59:15,2024-04-23T18:18:43,0.48,"Rain, Partially cloudy",Partly cloudy throughout the day with early morning rain.,rain,"43450099999,remote"
"Colombo, Western, Sri Lanka",2024-04-24,91.5,77.1,83.9,111.2,77.1,93.5,78.5,84.6,0.0,0.0,0.0,rain,0.0,0.0,15.7,9.2,201.0,1007.0,43.0,6.2,252.8,21.8,9.0,60.0,2024-04-24T05:58:54,2024-04-24T18:18:42,0.5,Partially cloudy,Partly cloudy throughout the day.,partly-cloudy-day,"43450099999,remote"
"Colombo, Western, Sri Lanka",2024-04-25,93.3,77.1,84.5,113.8,77.1,94.8,78.8,84.4,0.0,0.0,0.0,,0.0,0.0,14.5,6.9,196.3,1007.0,38.3,5.9,270.6,23.2,9.0,30.0,2024-04-25T05:58:33,2024-04-25T18:18:42,0.55,Partially cloudy,Partly cloudy throughout the day.,partly-cloudy-day,43450099999
"Colombo, Western, Sri Lanka",2024-04-26,91.5,80.7,86.0,118.7,88.4,101.1,80.4,83.9,0.0,0.0,0.0,rain,0.0,0.0,12.8,10.3,222.2,1006.8,37.5,5.6,255.9,22.1,9.0,60.0,2024-04-26T05:58:13,2024-04-26T18:18:43,0.58,Partially cloudy,Partly cloudy throughout the day.,partly-cloudy-day,43450099999
"Colombo, Western, Sri Lanka",2024-04-27,91.5,78.9,85.0,111.2,78.9,98.2,80.1,85.8,0.126,100.0,8.33,rain,0.0,0.0,12.1,10.3,192.7,1006.8,53.2,7.1,243.7,21.0,9.0,30.0,2024-04-27T05:57:54,2024-04-27T18:18:44,0.62,"Rain, Partially cloudy",Partly cloudy throughout the day with afternoon rain.,rain,"43450099999,remote"
"Colombo, Western, Sri Lanka",2024-04-28,93.3,77.1,84.9,110.6,77.1,94.8,78.0,80.9,0.0,0.0,0.0,rain,0.0,0.0,12.3,8.1,208.2,1007.4,46.4,6.6,256.7,22.1,9.0,30.0,2024-04-28T05:57:35,2024-04-28T18:18:45,0.65,Partially cloudy,Partly cloudy throughout the day.,partly-cloudy-day,"43450099999,remote"
"Colombo, Western, Sri Lanka",2024-04-29,91.5,77.1,83.8,111.2,77.1,93.4,79.1,86.8,0.004,100.0,4.17,rain,0.0,0.0,13.0,11.4,138.8,1008.7,54.9,6.6,228.5,19.6,9.0,30.0,2024-04-29T05:57:16,2024-04-29T18:18:47,0.69,"Rain, Partially cloudy",Partly cloudy throughout the day with early morning rain.,rain,"43450099999,remote"
"Colombo, Western, Sri Lanka",2024-04-30,91.5,77.1,83.2,108.1,77.1,90.8,78.0,84.7,0.071,100.0,4.17,rain,0.0,0.0,22.1,11.4,198.5,1008.2,45.8,6.5,250.0,21.4,9.0,60.0,2024-04-30T05:56:59,2024-04-30T18:18:49,0.72,"Rain, Partially cloudy",Partly cloudy throughout the day with late afternoon rain.,rain,"43450099999,43486099999,remote"
"Colombo, Western, Sri Lanka",2024-05-01,88.6,78.9,84.5,104.6,78.9,95.0,78.3,82.3,0.064,100.0,29.17,rain,0.0,0.0,17.9,11.0,220.1,1006.7,55.8,12.6,260.7,22.6,9.0,75.0,2024-05-01T05:56:42,2024-05-01T18:18:51,0.75,"Rain, Partially cloudy",Clearing in the afternoon with rain.,rain,"43450099999,remote"
"Colombo, Western, Sri Lanka",2024-05-02,93.3,80.7,86.7,114.7,88.4,103.3,80.8,83.2,0.0,0.0,0.0,rain,0.0,0.0,18.1,9.2,212.8,1007.1,46.1,7.7,260.4,22.5,9.0,75.0,2024-05-02T05:56:26,2024-05-02T18:18:54,0.79,Partially cloudy,Partly cloudy throughout the day.,partly-cloudy-day,"43450099999,remote"
"Colombo, Western, Sri Lanka",2024-05-03,93.3,80.7,86.8,117.5,87.4,102.6,80.6,82.7,0.0,0.0,0.0,rain,0.0,0.0,19.9,12.8,222.0,1007.5,41.7,5.9,241.2,20.8,9.0,100.0,2024-05-03T05:56:10,2024-05-03T18:18:58,0.83,Partially cloudy,Partly cloudy throughout the day.,partly-cloudy-day,43450099999
"Colombo, Western, Sri Lanka",2024-05-04,91.5,82.5,87.4,114.7,94.5,104.7,81.0,82.2,0.004,100.0,4.17,rain,0.0,0.0,19.2,10.3,237.0,1008.2,51.9,6.5,240.5,20.7,8.0,60.0,2024-05-04T05:55:55,2024-05-04T18:19:02,0.86,"Rain, Partially cloudy",Partly cloudy throughout the day with early morning rain.,rain,"43450099999,remote"
"Colombo, Western, Sri Lanka",2024-05-05,93.3,80.7,87.2,117.5,86.4,103.9,80.8,82.0,0.0,0.0,0.0,rain,0.0,0.0,19.0,12.8,227.8,1007.5,46.7,6.1,235.4,20.5,8.0,75.0,2024-05-05T05:55:40,2024-05-05T18:19:06,0.9,Partially cloudy,Partly cloudy throughout the day.,partly-cloudy-day,43450099999
"Colombo, Western, Sri Lanka",2024-05-06,93.3,78.9,85.7,117.5,78.9,99.7,79.9,83.4,0.075,100.0,4.17,rain,0.0,0.0,18.8,11.4,210.5,1007.8,40.0,6.6,245.3,21.1,9.0,75.0,2024-05-06T05:55:27,2024-05-06T18:19:11,0.93,"Rain, Partially cloudy",Partly cloudy throughout the day with late afternoon rain.,rain,"43450099999,remote"
"Colombo, Western, Sri Lanka",2024-05-07,91.5,78.9,84.5,108.4,78.9,95.4,79.1,84.4,0.028,100.0,4.17,rain,0.0,0.0,17.0,12.8,217.5,1008.8,52.1,6.5,239.4,20.5,8.0,60.0,2024-05-07T05:55:14,2024-05-07T18:19:16,0.97,"Rain, Partially cloudy",Partly cloudy throughout the day with late afternoon rain.,rain,"43450099999,remote"
"Colombo, Western, Sri Lanka",2024-05-08,93.3,78.9,84.7,113.8,78.9,96.0,78.8,83.0,0.15,100.0,20.83,rain,0.0,0.0,20.8,11.0,219.6,1008.2,44.8,8.8,257.9,22.2,9.0,60.0,2024-05-08T05:55:01,2024-05-08T18:19:22,0.0,"Rain, Partially cloudy",Partly cloudy throughout the day with a chance of rain throughout the day.,rain,"43450099999,remote"
"Colombo, Western, Sri Lanka",2024-05-09,89.7,77.1,83.5,105.5,77.1,92.7,78.4,85.3,0.028,100.0,8.33,rain,0.0,0.0,15.2,8.1,196.7,1007.7,59.5,6.8,237.3,20.6,8.0,30.0,2024-05-09T05:54:50,2024-05-09T18:19:28,0.04,"Rain, Partially cloudy",Partly cloudy throughout the day with rain clearing later.,rain,"43450099999,remote"
"Colombo, Western, Sri Lanka",2024-05-10,91.5,78.9,84.5,111.2,78.9,95.3,78.4,82.7,0.0,0.0,0.0,rain,0.0,0.0,19.5,10.3,193.2,1008.4,40.8,6.0,219.3,18.9,9.0,30.0,2024-05-10T05:54:39,2024-05-10T18:19:34,0.07,Partially cloudy,Partly cloudy throughout the day.,partly-cloudy-day,43450099999
"Colombo, Western, Sri Lanka",2024-05-11,91.5,77.1,83.9,108.1,77.1,92.6,77.9,83.1,0.051,100.0,8.33,rain,0.0,0.0,13.9,10.3,204.9,1009.2,45.0,6.9,203.7,17.7,7.0,60.0,2024-05-11T05:54:29,2024-05-11T18:19:41,0.1,"Rain, Partially cloudy",Partly cloudy throughout the day with late afternoon rain.,rain,"43450099999,remote"
"Colombo, Western, Sri Lanka",2024-05-12,89.7,77.1,81.1,102.8,77.1,85.3,76.9,87.8,0.008,100.0,4.17,rain,0.0,0.0,16.3,8.1,142.4,1009.4,54.5,6.5,144.4,12.4,5.0,30.0,2024-05-12T05:54:19,2024-05-12T18:19:49,0.13,"Rain, Partially cloudy",Partly cloudy throughout the day with afternoon rain.,rain,"43450099999,remote"
"Colombo, Western, Sri Lanka",2024-05-13,91.5,75.3,82.9,105.3,75.3,89.1,76.2,81.8,0.083,100.0,4.17,rain,0.0,0.0,13.0,9.2,339.4,1008.0,37.0,6.5,185.4,15.9,8.0,30.0,2024-05-13T05:54:10,2024-05-13T18:19:56,0.17,"Rain, Partially cloudy",Partly cloudy throughout the day with late afternoon rain.,rain,"43450099999,remote"
"Colombo, Western, Sri Lanka",2024-05-14,91.5,75.3,82.4,108.1,75.3,89.0,76.9,84.7,0.178,100.0,16.67,rain,0.0,0.0,18.3,10.3,236.8,1008.0,57.1,5.4,205.4,17.6,9.0,30.0,2024-05-14T05:54:02,2024-05-14T18:20:05,0.2,"Rain, Partially cloudy",Becoming cloudy in the afternoon with late afternoon rain.,rain,"43450099999,remote"
"Colombo, Western, Sri Lanka",2024-05-15,89.7,75.3,82.9,105.4,75.3,90.5,77.1,83.8,0.039,100.0,4.17,rain,0.0,0.0,14.8,6.9,126.6,1008.1,47.9,6.4,169.7,14.7,8.0,30.0,2024-05-15T05:53:55,2024-05-15T18:20:13,0.25,"Rain, Partially cloudy",Partly cloudy throughout the day with morning rain.,rain,"43450099999,remote"
"Colombo, Western, Sri Lanka",2024-05-16,86.1,77.1,80.2,99.7,77.1,84.8,77.7,92.2,0.012,100.0,4.17,rain,0.0,0.0,13.2,5.8,104.4,1008.9,66.1,5.9,86.0,7.4,3.0,30.0,2024-05-16T05:53:48,2024-05-16T18:20:22,0.26,"Rain, Partially cloudy",Partly cloudy throughout the day with early morning rain.,rain,"43450099999,remote"
"Colombo, Western, Sri Lanka",2024-05-17,87.9,77.1,80.7,105.5,77.1,85.7,77.9,91.4,0.016,100.0,4.17,rain,0.0,0.0,21.9,8.1,181.3,1008.0,47.1,5.9,204.7,17.9,9.0,30.0,2024-05-17T05:53:42,2024-05-17T18:20:32,0.3,"Rain, Partially cloudy",Partly cloudy throughout the day with morning rain.,rain,"43450099999,remote"
"Colombo, Western, Sri Lanka",2024-05-18,87.9,77.1,80.7,102.7,77.1,85.2,77.4,90.1,0.138,100.0,4.17,rain,0.0,0.0,26.2,13.9,216.0,1006.9,56.3,5.1,107.2,9.2,6.0,30.0,2024-05-18T05:53:37,2024-05-18T18:20:42,0.33,"Rain, Partially cloudy",Partly cloudy throughout the day with late afternoon rain.,rain,"43450099999,remote"
"Colombo, Western, Sri Lanka",2024-05-19,81.9,77.1,78.9,90.7,77.1,81.4,77.3,95.1,0.476,100.0,20.83,rain,0.0,0.0,23.7,11.4,164.3,1005.7,73.8,4.8,56.2,4.7,2.0,30.0,2024-05-19T05:53:33,2024-05-19T18:20:52,0.36,"Rain, Partially cloudy",Partly cloudy throughout the day with a chance of rain throughout the day.,rain,"43450099999,remote"
"Colombo, Western, Sri Lanka",2024-05-20,84.3,75.3,78.9,94.4,75.3,81.3,76.4,92.3,0.208,100.0,8.33,rain,0.0,0.0,30.6,16.1,228.2,1005.7,74.2,5.6,31.9,2.9,2.0,30.0,2024-05-20T05:53:29,2024-05-20T18:21:02,0.39,"Rain, Partially cloudy",Partly cloudy throughout the day with morning rain.,rain,"43450099999,remote"
"Colombo, Western, Sri Lanka",2024-05-21,87.9,75.3,81.5,105.5,75.3,88.3,77.5,88.1,0.012,100.0,4.17,rain,0.0,0.0,30.6,16.8,235.7,1005.4,68.8,6.1,146.5,12.7,7.0,60.0,2024-05-21T05:53:26,2024-05-21T18:21:13,0.43,"Rain, Partially cloudy",Partly cloudy throughout the day with afternoon rain.,rain,"43450099999,remote"
"Colombo, Western, Sri Lanka",2024-05-22,89.7,78.9,83.7,108.4,78.9,94.0,78.7,85.2,0.036,100.0,8.33,rain,0.0,0.0,39.1,22.8,234.5,1005.1,65.8,6.2,176.7,15.2,7.0,60.0,2024-05-22T05:53:24,2024-05-22T18:21:25,0.46,"Rain, Partially cloudy",Partly cloudy throughout the day with afternoon rain.,rain,"43450099999,43466099999,remote"
"Colombo, Western, Sri Lanka",2024-05-23,89.7,77.1,83.4,105.4,77.1,93.3,78.3,85.0,0.197,100.0,8.33,rain,0.0,0.0,44.1,25.1,238.4,1005.0,80.8,5.8,135.6,11.7,5.0,60.0,2024-05-23T05:53:22,2024-05-23T18:21:36,0.5,"Rain, Partially cloudy",Partly cloudy throughout the day with rain clearing later.,rain,"43450099999,remote"
"Colombo, Western, Sri Lanka",2024-05-24,86.1,80.7,83.1,102.2,87.4,93.2,78.1,85.1,0.185,100.0,20.83,rain,0.0,0.0,38.9,23.3,233.7,1004.8,70.4,6.1,143.3,12.2,5.0,30.0,2024-05-24T05:53:21,2024-05-24T18:21:48,0.52,"Rain, Partially cloudy",Partly cloudy throughout the day with a chance of rain throughout the day.,rain,"43450099999,remote"
"Colombo, Western, Sri Lanka",2024-05-25,86.1,78.9,82.7,102.2,78.9,92.7,78.9,88.5,0.016,100.0,4.17,rain,0.0,0.0,37.6,21.3,235.5,1005.4,63.8,5.8,167.7,14.4,7.0,60.0,2024-05-25T05:53:21,2024-05-25T18:22:01,0.56,"Rain, Partially cloudy",Partly cloudy throughout the day with afternoon rain.,rain,"43450099999,remote"
"Colombo, Western, Sri Lanka",2024-05-26,87.9,78.9,83.3,105.5,78.9,93.7,78.7,86.4,0.0,0.0,0.0,rain,0.0,0.0,32.7,18.3,223.9,1006.6,78.3,5.6,171.1,14.7,7.0,60.0,2024-05-26T05:53:21,2024-05-26T18:22:13,0.6,Partially cloudy,Partly cloudy throughout the day.,partly-cloudy-day,43450099999
"Colombo, Western, Sri Lanka",2024-05-27,85.2,75.3,81.1,97.0,75.3,86.8,77.0,88.0,0.171,100.0,8.33,rain,0.0,0.0,28.0,17.7,213.0,1007.4,95.7,6.8,173.9,15.1,8.0,30.0,2024-05-27T05:53:22,2024-05-27T18:22:26,0.63,"Rain, Overcast",Cloudy skies throughout the day with morning rain.,rain,"43450099999,43467099999,43486099999,43466099999,remote"
"Colombo, Western, Sri Lanka",2024-05-28,86.3,78.9,83.6,96.3,78.9,90.9,75.3,76.4,0.648,100.0,12.5,rain,0.0,0.0,22.1,9.2,249.8,1007.5,82.6,7.4,129.5,11.2,5.0,30.0,2024-05-28T05:53:24,2024-05-28T18:22:39,0.67,"Rain, Partially cloudy",Partly cloudy throughout the day with morning rain.,rain,"43450099999,43467099999,43486099999,43466099999"
"Colombo, Western, Sri Lanka",2024-05-29,86.8,82.8,84.5,105.0,90.6,93.4,75.6,74.9,0.019,100.0,8.33,rain,0.0,0.0,25.9,9.2,242.9,1007.0,82.3,7.4,136.2,11.9,5.0,75.0,2024-05-29T05:53:26,2024-05-29T18:22:52,0.7,"Rain, Partially cloudy",Partly cloudy throughout the day with morning rain.,rain,"43450099999,43467099999,43486099999,43466099999"
"Colombo, Western, Sri Lanka",2024-05-30,87.8,82.5,84.2,99.7,89.2,92.8,75.8,76.4,0.107,100.0,8.33,rain,0.0,0.0,32.4,8.1,263.6,1006.5,80.7,6.8,200.6,17.2,8.0,75.0,2024-05-30T05:53:29,2024-05-30T18:23:06,0.75,"Rain, Partially cloudy",Partly cloudy throughout the day with morning rain.,rain,"43450099999,43467099999,43486099999,43466099999"
"Colombo, Western, Sri Lanka",2024-05-31,87.1,82.5,84.5,102.2,89.7,94.7,77.2,79.2,0.0,0.0,0.0,rain,0.0,0.0,28.2,12.8,255.1,1006.3,85.4,6.8,220.0,19.0,7.0,100.0,2024-05-31T05:53:33,2024-05-31T18:23:20,0.78,Partially cloudy,Partly cloudy throughout the day.,partly-cloudy-day,"43450099999,43467099999,43486099999,43466099999"
"Colombo, Western, Sri Lanka",2024-06-01,86.1,83.4,84.6,102.2,93.2,97.4,79.3,84.3,0.022,100.0,4.17,rain,0.0,0.0,20.4,11.4,241.3,1006.5,74.9,6.5,124.4,11.0,6.0,100.0,2024-06-01T05:53:37,2024-06-01T18:23:33,0.81,"Rain, Partially cloudy",Partly cloudy throughout the day with morning rain.,rain,"43450099999,43467099999,43486099999,43466099999"
"Colombo, Western, Sri Lanka",2024-06-02,84.3,74.8,80.2,98.6,74.8,85.6,77.3,90.9,2.142,100.0,12.5,rain,0.0,0.0,25.7,12.8,205.3,1008.1,82.1,5.5,110.3,9.4,4.0,60.0,2024-06-02T05:53:42,2024-06-02T18:23:48,0.85,"Rain, Partially cloudy",Partly cloudy throughout the day with rain in the morning and afternoon.,rain,"43450099999,43467099999,43486099999,43466099999,remote"
"Colombo, Western, Sri Lanka",2024-06-03,86.5,77.1,81.3,99.7,77.1,86.7,76.8,86.8,0.398,100.0,8.33,rain,0.0,0.0,21.7,13.9,196.3,1009.0,79.0,6.8,219.3,18.9,8.0,60.0,2024-06-03T05:53:48,2024-06-03T18:24:02,0.88,"Rain, Partially cloudy",Partly cloudy throughout the day with rain in the morning and afternoon.,rain,"43450099999,43467099999,43486099999,43466099999,remote"
"Colombo, Western, Sri Lanka",2024-06-04,88.9,77.1,83.2,102.0,77.1,90.2,76.6,81.1,0.003,100.0,4.17,rain,0.0,0.0,20.1,15.0,205.7,1009.6,53.8,7.5,211.1,18.1,7.0,60.0,2024-06-04T05:53:54,2024-06-04T18:24:16,0.92,"Rain, Partially cloudy",Partly cloudy throughout the day with morning rain.,rain,"43450099999,43467099999,43486099999,remote,43466099999"
"Colombo, Western, Sri Lanka",2024-06-05,88.9,80.2,84.0,102.7,87.0,92.7,76.2,78.3,0.005,100.0,4.17,rain,0.0,0.0,23.0,13.9,210.7,1010.4,56.0,7.5,234.1,20.2,8.0,30.0,2024-06-05T05:54:00,2024-06-05T18:24:31,0.95,"Rain, Partially cloudy",Partly cloudy throughout the day with morning rain.,rain,"43450099999,43467099999,43486099999,43466099999"
"Colombo, Western, Sri Lanka",2024-06-06,87.9,78.9,83.0,99.7,78.9,89.5,75.5,78.8,0.001,100.0,4.17,rain,0.0,0.0,21.3,13.9,204.5,1010.3,64.6,7.6,236.5,20.3,8.0,30.0,2024-06-06T05:54:08,2024-06-06T18:24:45,0.0,"Rain, Partially cloudy",Partly cloudy throughout the day with morning rain.,rain,"43450099999,43467099999,43486099999,43466099999"
"Colombo, Western, Sri Lanka",2024-06-07,87.6,78.1,82.2,96.4,78.1,87.7,76.3,83.3,0.046,100.0,8.33,rain,0.0,0.0,25.9,13.9,198.1,1009.6,75.5,6.9,195.5,17.0,7.0,30.0,2024-06-07T05:54:15,2024-06-07T18:25:00,0.02,"Rain, Partially cloudy",Partly cloudy throughout the day with morning rain.,rain,"43450099999,43467099999,43486099999,43466099999"
"Colombo, Western, Sri Lanka",2024-06-08,88.2,77.1,82.9,102.5,77.1,88.5,75.1,78.4,0.944,100.0,8.33,rain,0.0,0.0,22.4,12.8,198.1,1009.8,73.5,7.5,205.8,17.9,7.0,60.0,2024-06-08T05:54:24,2024-06-08T18:25:14,0.06,"Rain, Partially cloudy",Partly cloudy throughout the day with morning rain.,rain,"43450099999,43467099999,43486099999,43466099999,remote"
"Colombo, Western, Sri Lanka",2024-06-09,84.6,78.0,81.6,96.4,78.0,86.8,76.5,84.9,0.048,100.0,4.17,rain,0.0,0.0,25.9,14.3,218.3,1010.0,78.9,9.1,204.2,17.6,7.0,60.0,2024-06-09T05:54:32,2024-06-09T18:25:29,0.09,"Rain, Partially cloudy",Partly cloudy throughout the day with morning rain.,rain,"43450099999,43467099999,43486099999,43466099999,remote"
"Colombo, Western, Sri Lanka",2024-06-10,87.9,78.9,83.5,102.7,78.9,91.5,77.2,82.2,0.0,0.0,0.0,rain,0.0,0.0,24.8,16.1,221.6,1010.4,50.3,6.8,217.2,18.9,7.0,60.0,2024-06-10T05:54:41,2024-06-10T18:25:44,0.12,Partially cloudy,Partly cloudy throughout the day.,partly-cloudy-day,"43450099999,43467099999,43486099999,43466099999"
"Colombo, Western, Sri Lanka",2024-06-11,88.2,81.6,84.4,99.0,87.9,93.4,76.1,76.5,0.087,100.0,8.33,rain,0.0,0.0,26.8,15.0,222.0,1010.7,55.8,7.6,224.3,19.2,8.0,60.0,2024-06-11T05:54:51,2024-06-11T18:25:58,0.15,"Rain, Partially cloudy",Partly cloudy throughout the day with morning rain.,rain,"43450099999,43467099999,43486099999,43466099999"
"Colombo, Western, Sri Lanka",2024-06-12,87.9,78.9,82.1,102.7,78.9,88.5,76.4,83.3,0.062,100.0,4.17,rain,0.0,0.0,23.9,11.4,209.4,1011.5,61.5,7.5,192.2,16.5,7.0,60.0,2024-06-12T05:55:01,2024-06-12T18:26:13,0.19,"Rain, Partially cloudy",Partly cloudy throughout the day with morning rain.,rain,"43450099999,43467099999,43486099999,43466099999"
"Colombo, Western, Sri Lanka",2024-06-13,87.1,78.9,83.2,97.9,78.9,90.3,76.4,80.6,0.021,100.0,8.33,rain,0.0,0.0,17.7,5.9,211.4,1010.8,73.4,7.3,219.8,18.9,7.0,60.0,2024-06-13T05:55:12,2024-06-13T18:26:27,0.22,"Rain, Partially cloudy",Partly cloudy throughout the day with morning rain.,rain,"43450099999,43467099999,43486099999,43466099999"
"Colombo, Western, Sri Lanka",2024-06-14,87.2,78.9,84.3,96.4,78.9,92.4,75.6,75.8,0.0,0.0,0.0,rain,0.0,0.0,17.4,11.4,225.3,1009.1,53.4,6.8,225.5,19.4,8.0,60.0,2024-06-14T05:55:22,2024-06-14T18:26:42,0.25,Partially cloudy,Partly cloudy throughout the day.,partly-cloudy-day,"43450099999,43467099999,43486099999,43466099999"
"Colombo, Western, Sri Lanka",2024-06-15,88.7,78.9,83.5,98.9,78.9,91.1,75.8,78.3,0.012,100.0,4.17,rain,0.0,0.0,20.4,9.2,227.5,1008.9,54.1,6.9,231.4,20.0,8.0,60.0,2024-06-15T05:55:34,2024-06-15T18:26:56,0.28,"Rain, Partially cloudy",Partly cloudy throughout the day with morning rain.,rain,"43450099999,43467099999,43486099999,43466099999"
"Colombo, Western, Sri Lanka",2024-06-16,88.1,77.1,83.2,98.6,77.1,89.7,75.9,79.6,0.231,100.0,12.5,rain,0.0,0.0,18.1,6.1,219.1,1009.1,51.8,6.8,234.5,20.2,8.0,60.0,2024-06-16T05:55:45,2024-06-16T18:27:10,0.31,"Rain, Partially cloudy",Partly cloudy throughout the day with morning rain.,rain,"43450099999,43467099999,43486099999,43466099999"
"Colombo, Western, Sri Lanka",2024-06-17,89.0,78.9,83.9,102.7,78.9,91.2,76.3,78.6,0.017,100.0,4.17,rain,0.0,0.0,23.0,13.9,211.0,1009.1,49.2,6.4,251.5,21.6,8.0,60.0,2024-06-17T05:55:57,2024-06-17T18:27:24,0.35,"Rain, Partially cloudy",Partly cloudy throughout the day with morning rain.,rain,"43450099999,43467099999,43486099999,43466099999"
"Colombo, Western, Sri Lanka",2024-06-18,87.9,78.3,83.2,100.2,78.3,90.8,76.3,80.2,0.196,100.0,4.17,rain,0.0,0.0,21.0,12.8,211.6,1009.5,57.4,7.2,205.9,17.7,7.0,60.0,2024-06-18T05:56:09,2024-06-18T18:27:38,0.38,"Rain, Partially cloudy",Partly cloudy throughout the day with morning rain.,rain,"43450099999,43467099999,43486099999,43466099999"
"Colombo, Western, Sri Lanka",2024-06-19,86.6,77.1,82.0,96.6,77.1,87.3,75.6,81.5,0.715,100.0,8.33,rain,0.0,0.0,22.1,8.1,211.8,1009.1,73.7,7.5,169.5,14.6,7.0,60.0,2024-06-19T05:56:22,2024-06-19T18:27:51,0.41,"Rain, Partially cloudy",Partly cloudy throughout the day with morning rain.,rain,"43450099999,43467099999,43486099999,43466099999"
"Colombo, Western, Sri Lanka",2024-06-20,87.2,77.1,81.5,97.1,77.1,86.1,75.6,82.9,0.366,100.0,4.17,rain,0.0,0.0,23.0,12.1,208.7,1008.7,84.2,7.0,187.1,16.3,7.0,60.0,2024-06-20T05:56:35,2024-06-20T18:28:05,0.44,"Rain, Partially cloudy",Partly cloudy throughout the day with morning rain.,rain,"43450099999,43467099999,43486099999,43466099999,remote"
"Colombo, Western, Sri Lanka",2024-06-21,87.9,77.1,82.8,102.7,77.1,89.3,75.8,80.2,0.519,100.0,8.33,rain,0.0,0.0,26.2,15.0,233.5,1008.6,59.5,6.7,190.3,16.5,7.0,60.0,2024-06-21T05:56:47,2024-06-21T18:28:18,0.47,"Rain, Partially cloudy",Partly cloudy throughout the day with morning rain.,rain,"43450099999,43467099999,43486099999,43466099999"
"Colombo, Western, Sri Lanka",2024-06-22,88.1,81.6,83.9,97.6,86.2,91.5,74.6,73.9,0.052,100.0,4.17,rain,0.0,0.0,30.4,12.8,243.9,1007.2,59.7,7.1,177.4,15.2,8.0,60.0,2024-06-22T05:57:01,2024-06-22T18:28:31,0.5,"Rain, Partially cloudy",Partly cloudy throughout the day with morning rain.,rain,"43450099999,43467099999,43486099999,43466099999"
"Colombo, Western, Sri Lanka",2024-06-23,90.5,77.4,84.6,103.6,77.4,93.5,75.7,75.3,0.257,100.0,8.33,rain,0.0,0.0,34.4,13.9,241.4,1007.3,66.6,7.1,179.9,15.6,8.0,60.0,2024-06-23T05:57:14,2024-06-23T18:28:43,0.54,"Rain, Partially cloudy",Partly cloudy throughout the day with morning rain.,rain,"43450099999,43467099999,43486099999,43466099999"
"Colombo, Western, Sri Lanka",2024-06-24,87.0,78.3,82.9,96.9,78.3,89.9,75.6,79.3,0.273,100.0,8.33,rain,0.0,0.0,29.5,14.1,227.0,1007.2,67.7,6.9,215.4,18.6,7.0,60.0,2024-06-24T05:57:28,2024-06-24T18:28:55,0.58,"Rain, Partially cloudy",Partly cloudy throughout the day with morning rain.,rain,"43450099999,43467099999,43486099999,43466099999,remote"
"Colombo, Western, Sri Lanka",2024-06-25,84.3,75.5,79.8,96.4,75.5,83.8,75.1,85.8,1.76,100.0,8.33,rain,0.0,0.0,28.9,10.3,240.1,1007.2,83.3,6.7,121.6,10.6,5.0,60.0,2024-06-25T05:57:41,2024-06-25T18:29:07,0.62,"Rain, Partially cloudy",Partly cloudy throughout the day with morning rain.,rain,"43450099999,43467099999,43486099999,43466099999"
"Colombo, Western, Sri Lanka",2024-06-26,85.3,75.3,80.4,94.4,75.3,83.8,74.7,83.4,1.915,100.0,8.33,rain,0.0,0.0,28.0,11.0,240.3,1007.6,66.2,7.7,127.0,11.1,7.0,30.0,2024-06-26T05:57:55,2024-06-26T18:29:18,0.65,"Rain, Partially cloudy",Partly cloudy throughout the day with morning rain.,rain,"43450099999,43467099999,43486099999,43466099999,remote"
"Colombo, Western, Sri Lanka",2024-06-27,87.2,77.1,81.4,96.3,77.1,85.6,75.7,83.7,0.04,100.0,8.33,rain,0.0,0.0,21.3,8.9,214.1,1008.3,58.5,8.0,202.7,17.5,7.0,30.0,2024-06-27T05:58:09,2024-06-27T18:29:29,0.69,"Rain, Partially cloudy",Partly cloudy throughout the day with rain in the morning and afternoon.,rain,"43450099999,43467099999,43486099999,43466099999,remote"
"Colombo, Western, Sri Lanka",2024-06-28,87.9,77.1,82.5,100.2,77.1,88.0,74.9,78.8,0.505,100.0,4.17,rain,0.0,0.0,22.1,10.3,220.7,1008.9,45.3,6.9,251.0,21.7,8.0,60.0,2024-06-28T05:58:23,2024-06-28T18:29:39,0.72,"Rain, Partially cloudy",Partly cloudy throughout the day with morning rain.,rain,"43450099999,43467099999,43486099999,43466099999"
"Colombo, Western, Sri Lanka",2024-06-29,87.3,77.1,83.0,95.8,77.1,88.5,74.7,76.9,0.001,100.0,4.17,rain,0.0,0.0,14.5,9.2,201.3,1009.0,52.5,7.8,235.9,20.4,8.0,60.0,2024-06-29T05:58:37,2024-06-29T18:29:49,0.75,"Rain, Partially cloudy",Partly cloudy throughout the day with morning rain.,rain,"43450099999,43467099999,43486099999,43466099999"
"Colombo, Western, Sri Lanka",2024-06-30,88.2,78.9,83.4,98.4,78.9,90.0,75.5,77.8,0.002,100.0,4.17,rain,0.0,0.0,17.0,10.3,193.4,1009.7,42.5,6.7,211.8,18.2,8.0,60.0,2024-06-30T05:58:51,2024-06-30T18:29:59,0.8,"Rain, Partially cloudy",Partly cloudy throughout the day with afternoon rain.,rain,"43450099999,43467099999,43486099999,43466099999"
"Colombo, Western, Sri Lanka",2024-07-01,87.9,78.9,83.2,102.7,78.9,91.1,76.2,79.9,1.037,100.0,8.33,rain,0.0,0.0,18.6,10.3,226.1,1009.7,57.2,7.2,216.8,18.7,7.0,60.0,2024-07-01T05:59:05,2024-07-01T18:30:08,0.83,"Rain, Partially cloudy",Partly cloudy throughout the day with morning rain.,rain,"43450099999,43467099999,43486099999,43466099999"
"Colombo, Western, Sri Lanka",2024-07-02,87.4,80.7,84.4,97.1,88.4,92.9,75.8,76.0,0.003,100.0,4.17,rain,0.0,0.0,14.8,8.1,227.0,1008.3,50.1,7.4,227.5,19.7,8.0,60.0,2024-07-02T05:59:19,2024-07-02T18:30:17,0.87,"Rain, Partially cloudy",Partly cloudy throughout the day with morning rain.,rain,"43450099999,43467099999,43486099999,43466099999"
"Colombo, Western, Sri Lanka",2024-07-03,89.0,78.9,84.5,102.4,78.9,94.1,77.0,78.7,0.008,100.0,8.33,rain,0.0,0.0,20.4,6.9,216.7,1008.8,58.4,7.3,217.9,18.9,8.0,60.0,2024-07-03T05:59:33,2024-07-03T18:30:25,0.9,"Rain, Partially cloudy",Partly cloudy throughout the day with morning rain.,rain,"43450099999,43467099999,43486099999,43466099999"
"Colombo, Western, Sri Lanka",2024-07-04,86.2,77.1,80.7,103.9,77.1,85.1,76.5,87.4,0.0,0.0,0.0,rain,0.0,0.0,17.9,6.9,151.3,1009.2,77.7,6.5,189.8,16.5,7.0,60.0,2024-07-04T05:59:46,2024-07-04T18:30:32,0.94,Partially cloudy,Partly cloudy throughout the day.,partly-cloudy-day,"43450099999,43467099999,43486099999,43466099999"
"Colombo, Western, Sri Lanka",2024-07-05,87.4,74.6,81.6,108.0,74.6,87.8,77.0,86.1,0.962,100.0,12.5,rain,0.0,0.0,21.0,12.5,230.7,1008.3,82.2,7.4,161.3,14.0,6.0,75.0,2024-07-05T06:00:00,2024-07-05T18:30:39,0.98,"Rain, Partially cloudy",Partly cloudy throughout the day with morning rain.,rain,"43450099999,43467099999,43486099999,43466099999"
"Colombo, Western, Sri Lanka",2024-07-06,88.0,75.2,81.1,96.6,75.2,85.9,74.8,82.1,0.551,100.0,8.33,rain,0.0,0.0,23.0,6.9,197.4,1008.0,83.4,6.8,140.4,12.3,5.0,75.0,2024-07-06T06:00:14,2024-07-06T18:30:46,0.0,"Rain, Partially cloudy",Partly cloudy throughout the day with morning rain.,rain,"43450099999,43467099999,43486099999,43466099999"
"Colombo, Western, Sri Lanka",2024-07-07,84.1,78.1,79.8,96.2,78.1,82.3,76.0,88.2,0.136,100.0,8.33,rain,0.0,0.0,18.1,8.1,170.7,1007.6,63.3,7.0,207.4,17.8,8.0,75.0,2024-07-07T06:00:27,2024-07-07T18:30:51,0.04,"Rain, Partially cloudy",Partly cloudy throughout the day with morning rain.,rain,"43450099999,43467099999,43486099999,43466099999"
"Colombo, Western, Sri Lanka",2024-07-08,85.5,77.1,81.2,94.4,77.1,85.3,74.9,82.0,0.885,100.0,4.17,rain,0.0,0.0,21.0,10.1,225.1,1007.3,68.7,7.1,202.5,17.5,7.0,60.0,2024-07-08T06:00:41,2024-07-08T18:30:56,0.07,"Rain, Partially cloudy",Partly cloudy throughout the day with morning rain.,rain,"43450099999,43467099999,43486099999,43466099999,remote"
"Colombo, Western, Sri Lanka",2024-07-09,87.9,78.9,83.5,102.7,78.9,90.4,75.2,76.8,0.0,0.0,0.0,rain,0.0,0.0,19.2,11.4,216.7,1008.5,42.5,6.9,238.2,20.6,8.0,60.0,2024-07-09T06:00:54,2024-07-09T18:31:01,0.11,Partially cloudy,Partly cloudy throughout the day.,partly-cloudy-day,"43450099999,43467099999,43486099999,43466099999"
"Colombo, Western, Sri Lanka",2024-07-10,87.2,75.3,82.2,97.7,75.3,88.3,75.7,81.8,0.328,100.0,8.33,rain,0.0,0.0,20.6,8.7,220.6,1010.6,54.6,7.6,218.2,18.8,7.0,60.0,2024-07-10T06:01:07,2024-07-10T18:31:05,0.14,"Rain, Partially cloudy",Partly cloudy throughout the day with morning rain.,rain,"43450099999,43467099999,43486099999,43466099999,remote"
"Colombo, Western, Sri Lanka",2024-07-11,87.2,78.9,83.2,95.9,78.9,88.8,75.1,77.5,0.128,100.0,8.33,rain,0.0,0.0,16.8,6.0,224.5,1009.4,55.5,7.3,237.0,20.6,8.0,75.0,2024-07-11T06:01:19,2024-07-11T18:31:08,0.17,"Rain, Partially cloudy",Partly cloudy throughout the day with morning rain.,rain,"43450099999,43467099999,43486099999,43466099999"
"Colombo, Western, Sri Lanka",2024-07-12,87.0,78.9,83.7,99.7,78.9,92.2,76.3,78.8,0.037,100.0,8.33,rain,0.0,0.0,22.6,13.6,232.5,1008.5,77.4,7.3,194.1,16.8,7.0,60.0,2024-07-12T06:01:32,2024-07-12T18:31:11,0.2,"Rain, Partially cloudy",Partly cloudy throughout the day with morning rain.,rain,"43450099999,43467099999,43486099999,43466099999,remote"
"Colombo, Western, Sri Lanka",2024-07-13,83.5,77.2,80.6,92.7,77.2,85.4,75.7,85.1,0.099,100.0,12.5,rain,0.0,0.0,26.2,16.1,252.8,1008.7,81.0,9.5,131.9,11.4,5.0,60.0,2024-07-13T06:01:44,2024-07-13T18:31:12,0.24,"Rain, Partially cloudy",Partly cloudy throughout the day with rain.,rain,"43450099999,43467099999,43486099999,43466099999,remote"
"Colombo, Western, Sri Lanka",2024-07-14,87.9,77.1,83.2,102.7,77.1,90.8,76.1,79.8,0.067,100.0,4.17,rain,0.0,0.0,25.1,14.3,248.3,1007.3,70.8,10.7,247.1,21.4,9.0,60.0,2024-07-14T06:01:56,2024-07-14T18:31:14,0.25,"Rain, Partially cloudy",Partly cloudy throughout the day with morning rain.,rain,"43450099999,43467099999,43486099999,43466099999,remote"
"Colombo, Western, Sri Lanka",2024-07-15,85.3,77.4,80.8,94.9,77.4,85.6,75.9,85.2,0.004,100.0,4.17,rain,0.0,0.0,26.6,9.4,229.6,1007.7,79.8,7.2,139.6,12.2,5.0,60.0,2024-07-15T06:02:08,2024-07-15T18:31:14,0.3,"Rain, Partially cloudy",Partly cloudy throughout the day with early morning rain.,rain,"43450099999,43467099999,43486099999,43466099999,remote"
"Colombo, Western, Sri Lanka",2024-07-16,86.9,77.4,81.8,97.9,77.4,88.0,76.3,83.9,0.201,100.0,8.33,rain,0.0,0.0,30.0,8.1,234.0,1008.1,70.6,7.3,137.3,11.8,5.0,30.0,2024-07-16T06:02:19,2024-07-16T18:31:14,0.33,"Rain, Partially cloudy",Partly cloudy throughout the day with rain in the morning and afternoon.,rain,"43450099999,43467099999,43486099999,43466099999"
"Colombo, Western, Sri Lanka",2024-07-17,88.7,77.1,82.3,100.2,77.1,88.3,76.0,82.0,0.01,100.0,4.17,rain,0.0,0.0,23.0,6.3,225.2,1008.9,54.7,7.0,183.1,16.0,7.0,60.0,2024-07-17T06:02:30,2024-07-17T18:31:13,0.37,"Rain, Partially cloudy",Partly cloudy throughout the day with morning rain.,rain,"43450099999,43467099999,43486099999,43466099999"
"Colombo, Western, Sri Lanka",2024-07-18,87.8,79.0,83.4,99.4,79.0,91.0,75.9,78.8,0.216,100.0,8.33,rain,0.0,0.0,25.3,5.8,259.5,1009.1,57.3,7.0,186.7,16.1,7.0,60.0,2024-07-18T06:02:41,2024-07-18T18:31:11,0.4,"Rain, Partially cloudy",Partly cloudy throughout the day with morning rain.,rain,"43450099999,43467099999,43486099999,43466099999"
"Colombo, Western, Sri Lanka",2024-07-19,88.8,79.1,83.8,101.2,79.1,92.0,75.9,77.6,0.001,100.0,4.17,rain,0.0,0.0,22.6,11.4,262.9,1008.0,49.3,7.0,195.8,16.9,7.0,60.0,2024-07-19T06:02:51,2024-07-19T18:31:09,0.43,"Rain, Partially cloudy",Partly cloudy throughout the day with morning rain.,rain,"43450099999,43467099999,43486099999,43466099999"
"Colombo, Western, Sri Lanka",2024-07-20,90.6,81.8,85.4,105.0,88.0,94.8,75.9,73.8,0.0,0.0,0.0,rain,0.0,0.0,25.9,8.1,240.3,1008.3,44.0,6.4,260.2,22.6,9.0,60.0,2024-07-20T06:03:01,2024-07-20T18:31:06,0.46,Partially cloudy,Partly cloudy throughout the day.,partly-cloudy-day,"43450099999,43467099999,43486099999,43466099999"
"Colombo, Western, Sri Lanka",2024-07-21,88.1,79.9,84.5,98.4,79.9,91.3,73.9,71.2,0.0,0.0,0.0,,0.0,0.0,17.4,9.2,237.2,1009.2,31.3,6.9,282.7,24.4,9.0,60.0,2024-07-21T06:03:10,2024-07-21T18:31:02,0.5,Partially cloudy,Partly cloudy throughout the day.,partly-cloudy-day,"43450099999,43467099999,43486099999,43466099999"
"Colombo, Western, Sri Lanka",2024-07-22,87.2,77.1,80.4,99.2,77.1,83.3,74.8,83.5,0.019,100.0,4.17,rain,0.0,0.0,21.7,8.1,188.8,1010.5,55.6,6.3,180.8,15.7,7.0,60.0,2024-07-22T06:03:20,2024-07-22T18:30:57,0.53,"Rain, Partially cloudy",Partly cloudy throughout the day with morning rain.,rain,"43450099999,43467099999,43486099999,43466099999"
"Colombo, Western, Sri Lanka",2024-07-23,88.2,75.3,82.8,98.2,75.3,89.1,75.5,79.7,0.475,100.0,8.33,rain,0.0,0.0,17.7,6.9,198.9,1010.7,32.5,7.4,241.9,20.8,8.0,60.0,2024-07-23T06:03:28,2024-07-23T18:30:52,0.57,"Rain, Partially cloudy",Partly cloudy throughout the day with morning rain.,rain,"43450099999,43467099999,43486099999,43466099999"
"Colombo, Western, Sri Lanka",2024-07-24,89.7,81.9,84.8,104.5,89.5,94.2,76.3,76.1,0.0,0.0,0.0,rain,0.0,0.0,19.0,8.1,212.7,1009.0,60.5,7.5,247.0,21.5,9.0,60.0,2024-07-24T06:03:37,2024-07-24T18:30:46,0.6,Partially cloudy,Partly cloudy throughout the day.,partly-cloudy-day,"43450099999,43467099999,43486099999,43466099999"
"Colombo, Western, Sri Lanka",2024-07-25,87.6,82.5,84.8,100.1,87.3,93.3,75.1,73.2,0.0,0.0,0.0,rain,0.0,0.0,20.8,9.2,236.2,1008.1,43.0,7.2,248.6,21.4,9.0,60.0,2024-07-25T06:03:44,2024-07-25T18:30:39,0.64,Partially cloudy,Partly cloudy throughout the day.,partly-cloudy-day,"43450099999,43467099999,43486099999,43466099999"
"Colombo, Western, Sri Lanka",2024-07-26,89.7,80.7,84.7,102.9,86.4,93.7,75.7,74.8,0.0,0.0,0.0,rain,0.0,0.0,30.4,8.1,244.2,1008.2,51.1,7.2,220.9,19.0,8.0,60.0,2024-07-26T06:03:52,2024-07-26T18:30:31,0.67,Partially cloudy,Partly cloudy throughout the day.,partly-cloudy-day,"43450099999,43467099999,43486099999,43466099999"
"Colombo, Western, Sri Lanka",2024-07-27,89.4,82.5,85.4,105.5,89.5,96.0,76.9,76.1,0.0,0.0,0.0,rain,0.0,0.0,30.4,13.9,251.9,1008.1,42.6,6.9,238.2,20.6,8.0,75.0,2024-07-27T06:03:59,2024-07-27T18:30:23,0.71,Partially cloudy,Partly cloudy throughout the day.,partly-cloudy-day,"43450099999,43467099999,43486099999,43466099999"
"Colombo, Western, Sri Lanka",2024-07-28,91.2,80.1,85.5,107.6,86.2,96.0,77.0,76.3,0.0,0.0,0.0,rain,0.0,0.0,28.2,11.6,257.5,1007.4,38.5,6.7,239.5,20.7,8.0,60.0,2024-07-28T06:04:06,2024-07-28T18:30:14,0.75,Partially cloudy,Partly cloudy throughout the day.,partly-cloudy-day,"43450099999,43467099999,43486099999,43466099999"
"Colombo, Western, Sri Lanka",2024-07-29,86.9,75.5,81.1,101.5,75.5,87.0,75.7,83.9,0.069,100.0,8.33,rain,0.0,0.0,24.4,12.5,236.7,1007.1,73.1,6.6,149.6,13.1,8.0,60.0,2024-07-29T06:04:12,2024-07-29T18:30:04,0.78,"Rain, Partially cloudy",Partly cloudy throughout the day with rain in the morning and afternoon.,rain,"43450099999,43467099999,43486099999,43466099999,remote"
"Colombo, Western, Sri Lanka",2024-07-30,88.7,73.7,81.0,102.4,73.7,86.7,74.7,81.9,1.789,100.0,8.33,rain,0.0,0.0,28.6,9.2,263.4,1008.8,70.8,6.5,203.4,17.7,8.0,75.0,2024-07-30T06:04:17,2024-07-30T18:29:53,0.81,"Rain, Partially cloudy",Partly cloudy throughout the day with morning rain.,rain,"43450099999,43467099999,43486099999,43466099999"
"Colombo, Western, Sri Lanka",2024-07-31,88.2,79.9,83.8,100.3,79.9,91.5,75.7,77.0,0.523,100.0,8.33,rain,0.0,0.0,20.4,9.2,254.6,1010.2,61.0,7.3,217.5,18.9,8.0,60.0,2024-07-31T06:04:23,2024-07-31T18:29:42,0.85,"Rain, Partially cloudy",Partly cloudy throughout the day with morning rain.,rain,"43450099999,43467099999,43486099999,43466099999"
"Colombo, Western, Sri Lanka",2024-08-01,87.8,79.8,83.8,102.1,79.8,91.9,75.6,76.8,0.002,100.0,4.17,rain,0.0,0.0,19.5,11.2,240.3,1009.9,48.4,6.8,210.6,18.1,8.0,60.0,2024-08-01T06:04:27,2024-08-01T18:29:29,0.89,"Rain, Partially cloudy",Partly cloudy throughout the day with morning rain.,rain,"43450099999,43467099999,43486099999,43466099999,remote"
"Colombo, Western, Sri Lanka",2024-08-02,88.8,80.7,84.1,101.1,88.4,92.2,75.1,74.8,0.014,100.0,8.33,rain,0.0,0.0,23.3,7.5,241.3,1009.7,52.0,6.8,207.9,18.0,7.0,60.0,2024-08-02T06:04:32,2024-08-02T18:29:17,0.92,"Rain, Partially cloudy",Partly cloudy throughout the day with morning rain.,rain,"43450099999,43467099999,43486099999,43466099999"
"Colombo, Western, Sri Lanka",2024-08-03,89.4,80.8,85.0,102.8,87.0,94.0,75.7,74.1,0.043,100.0,8.33,rain,0.0,0.0,21.5,10.3,237.4,1010.0,52.9,7.4,239.8,20.6,8.0,60.0,2024-08-03T06:04:35,2024-08-03T18:29:03,0.96,"Rain, Partially cloudy",Partly cloudy throughout the day with morning rain.,rain,"43450099999,43467099999,43486099999,43466099999"
"Colombo, Western, Sri Lanka",2024-08-04,87.6,80.7,84.1,100.1,87.7,92.3,75.2,75.0,0.0,0.0,0.0,rain,0.0,0.0,19.5,9.2,237.5,1009.6,59.0,7.3,248.1,21.6,9.0,60.0,2024-08-04T06:04:39,2024-08-04T18:28:48,0.0,Partially cloudy,Partly cloudy throughout the day.,partly-cloudy-day,"43450099999,43467099999,43486099999,43466099999"
"Colombo, Western, Sri Lanka",2024-08-05,87.8,80.7,83.7,97.8,87.2,91.6,75.2,76.0,0.001,100.0,4.17,rain,0.0,0.0,25.1,8.1,245.0,1009.8,68.8,7.1,227.5,19.8,8.0,60.0,2024-08-05T06:04:41,2024-08-05T18:28:33,0.03,"Rain, Partially cloudy",Partly cloudy throughout the day with morning rain.,rain,"43450099999,43467099999,43486099999,43466099999"
"Colombo, Western, Sri Lanka",2024-08-06,87.8,77.1,82.9,97.8,77.1,89.4,75.1,78.1,0.001,100.0,4.17,rain,0.0,0.0,16.1,11.4,224.9,1008.9,62.8,7.1,211.1,18.2,8.0,60.0,2024-08-06T06:04:44,2024-08-06T18:28:18,0.06,"Rain, Partially cloudy",Partly cloudy throughout the day with morning rain.,rain,"43450099999,43467099999,43486099999,43466099999"
"Colombo, Western, Sri Lanka",2024-08-07,88.9,78.9,84.1,99.7,78.9,91.8,75.3,75.5,0.0,0.0,0.0,rain,0.0,0.0,21.9,10.3,231.1,1008.7,50.9,6.3,268.7,23.2,9.0,30.0,2024-08-07T06:04:46,2024-08-07T18:28:01,0.09,Partially cloudy,Partly cloudy throughout the day.,partly-cloudy-day,"43450099999,43467099999,43486099999,43466099999"
"Colombo, Western, Sri Lanka",2024-08-08,89.4,80.7,84.6,105.0,88.2,94.1,76.4,76.8,0.0,0.0,0.0,rain,0.0,0.0,26.2,12.8,244.3,1010.0,72.1,6.1,254.5,22.2,9.0,30.0,2024-08-08T06:04:47,2024-08-08T18:27:44,0.12,Partially cloudy,Partly cloudy throughout the day.,partly-cloudy-day,"43450099999,43467099999,43486099999,43466099999"
"Colombo, Western, Sri Lanka",2024-08-09,89.4,78.9,83.6,102.8,78.9,90.4,74.8,75.4,0.0,0.0,0.0,rain,0.0,0.0,21.0,9.2,240.3,1010.1,50.9,6.0,262.3,22.6,8.0,30.0,2024-08-09T06:04:48,2024-08-09T18:27:26,0.16,Partially cloudy,Partly cloudy throughout the day.,partly-cloudy-day,"43450099999,43467099999,43486099999,43466099999"
"Colombo, Western, Sri Lanka",2024-08-10,89.4,82.5,84.8,102.8,88.7,93.7,75.6,74.3,0.0,0.0,0.0,rain,0.0,0.0,22.8,10.1,246.2,1009.8,53.8,6.2,221.1,19.1,9.0,60.0,2024-08-10T06:04:48,2024-08-10T18:27:07,0.19,Partially cloudy,Partly cloudy throughout the day.,partly-cloudy-day,"43450099999,43467099999,43486099999,43466099999"
"Colombo, Western, Sri Lanka",2024-08-11,89.4,82.5,84.4,102.8,88.2,93.1,75.5,75.0,0.0,0.0,0.0,rain,0.0,0.0,21.0,9.7,256.3,1007.4,70.1,6.0,181.7,15.8,8.0,60.0,2024-08-11T06:04:48,2024-08-11T18:26:48,0.22,Partially cloudy,Partly cloudy throughout the day.,partly-cloudy-day,"43450099999,43467099999,43486099999,43466099999"
"Colombo, Western, Sri Lanka",2024-08-12,90.6,76.2,81.9,102.4,76.2,87.7,76.4,83.9,0.3,100.0,37.5,rain,0.0,0.0,21.0,9.6,235.9,1006.0,92.9,11.3,200.1,17.2,8.0,60.0,2024-08-12T06:04:48,2024-08-12T18:26:28,0.25,"Rain, Overcast",Cloudy skies throughout the day with a chance of rain throughout the day.,rain,"43450099999,43486099999,43466099999,remote"
"Colombo, Western, Sri Lanka",2024-08-13,89.0,77.1,82.2,101.1,77.1,88.0,75.8,81.9,0.205,100.0,4.17,rain,0.0,0.0,21.2,17.2,204.2,1006.3,60.2,7.1,104.7,8.9,6.0,10.0,2024-08-13T06:04:47,2024-08-13T18:26:08,0.29,"Rain, Partially cloudy",Partly cloudy throughout the day with early morning rain.,rain,"43450099999,43467099999,43486099999,43466099999,remote"
"Colombo, Western, Sri Lanka",2024-08-14,86.3,77.3,81.7,99.7,77.3,87.0,76.8,85.8,0.0,0.0,0.0,rain,0.0,0.0,19.2,8.1,219.1,1006.7,67.8,5.6,200.2,17.1,8.0,30.0,2024-08-14T06:04:46,2024-08-14T18:25:47,0.32,Partially cloudy,Partly cloudy throughout the day.,partly-cloudy-day,"43450099999,43467099999,43486099999,43466099999"
"Colombo, Western, Sri Lanka",2024-08-15,90.5,77.3,83.1,105.4,77.3,90.3,76.8,81.9,0.031,100.0,4.17,rain,0.0,0.0,21.5,9.4,219.2,1006.2,54.1,6.0,235.3,20.4,8.0,60.0,2024-08-15T06:04:44,2024-08-15T18:25:25,0.35,"Rain, Partially cloudy",Partly cloudy throughout the day with late afternoon rain.,rain,"43450099999,43467099999,43486099999,43466099999,remote"
"Colombo, Western, Sri Lanka",2024-08-16,86.2,78.9,82.2,102.2,78.9,89.3,77.5,86.0,0.004,100.0,4.17,rain,0.0,0.0,21.0,13.9,229.5,1005.4,69.7,5.1,199.8,17.2,8.0,60.0,2024-08-16T06:04:41,2024-08-16T18:25:02,0.39,"Rain, Partially cloudy",Partly cloudy throughout the day with late afternoon rain.,rain,"43450099999,43467099999,43486099999,43466099999,remote"
"Colombo, Western, Sri Lanka",2024-08-17,87.0,78.3,81.6,101.1,78.3,87.7,76.6,85.5,0.0,0.0,0.0,rain,0.0,0.0,27.3,9.4,243.5,1007.4,79.2,5.4,151.7,13.1,7.0,30.0,2024-08-17T06:04:39,2024-08-17T18:24:39,0.42,Partially cloudy,Partly cloudy throughout the day.,partly-cloudy-day,"43450099999,43467099999,43486099999,43466099999"
"Colombo, Western, Sri Lanka",2024-08-18,87.6,78.9,82.8,102.1,78.9,90.2,76.1,80.9,0.0,0.0,0.0,rain,0.0,0.0,23.9,8.1,227.9,1008.0,79.7,5.5,159.1,13.8,6.0,60.0,2024-08-18T06:04:36,2024-08-18T18:24:16,0.45,Partially cloudy,Partly cloudy throughout the day.,partly-cloudy-day,"43450099999,43467099999,43486099999,43466099999"
"Colombo, Western, Sri Lanka",2024-08-19,87.9,76.4,81.6,102.7,76.4,87.8,76.3,84.3,0.0,0.0,0.0,rain,0.0,0.0,25.3,13.9,195.9,1007.8,72.4,5.9,191.5,16.7,7.0,60.0,2024-08-19T06:04:32,2024-08-19T18:23:52,0.5,Partially cloudy,Partly cloudy throughout the day.,partly-cloudy-day,"43450099999,43467099999,43486099999,43466099999"
"Colombo, Western, Sri Lanka",2024-08-20,84.4,75.3,78.5,94.4,75.3,80.0,75.2,90.0,0.125,100.0,16.67,rain,0.0,0.0,25.3,12.8,175.0,1008.2,66.0,8.0,155.1,13.3,8.0,30.0,2024-08-20T06:04:28,2024-08-20T18:23:27,0.52,"Rain, Partially cloudy",Partly cloudy throughout the day with morning rain.,rain,"43450099999,43467099999,43486099999,43466099999,remote"
"Colombo, Western, Sri Lanka",2024-08-21,81.8,76.2,78.2,90.9,76.2,79.3,74.6,89.2,0.028,100.0,4.17,rain,0.0,0.0,31.5,15.0,188.7,1010.4,77.4,5.3,97.0,8.3,4.0,30.0,2024-08-21T06:04:24,2024-08-21T18:23:02,0.55,"Rain, Partially cloudy",Partly cloudy throughout the day with early morning rain.,rain,"43450099999,43467099999,43486099999,43466099999,remote"
"Colombo, Western, Sri Lanka",2024-08-22,89.7,77.1,82.3,103.3,77.1,87.8,74.9,79.1,0.0,0.0,0.0,rain,0.0,0.0,19.2,9.2,192.3,1010.5,44.6,6.1,185.4,16.0,7.0,60.0,2024-08-22T06:04:19,2024-08-22T18:22:36,0.59,Partially cloudy,Partly cloudy throughout the day.,partly-cloudy-day,"43450099999,43467099999,43486099999,43466099999"
"Colombo, Western, Sri Lanka",2024-08-23,90.8,78.9,83.3,104.9,78.9,89.6,75.3,77.5,0.0,0.0,0.0,rain,0.0,0.0,17.9,10.3,197.8,1011.2,53.4,6.6,206.5,17.9,8.0,60.0,2024-08-23T06:04:14,2024-08-23T18:22:10,0.62,Partially cloudy,Partly cloudy throughout the day.,partly-cloudy-day,"43450099999,43467099999,43486099999,43466099999"
"Colombo, Western, Sri Lanka",2024-08-24,89.4,78.3,82.6,102.8,78.3,87.8,75.3,79.4,0.0,0.0,0.0,rain,0.0,0.0,20.8,6.8,209.4,1011.7,51.5,6.6,223.4,19.2,8.0,60.0,2024-08-24T06:04:08,2024-08-24T18:21:43,0.66,Partially cloudy,Partly cloudy throughout the day.,partly-cloudy-day,"43450099999,43467099999,43486099999,43466099999"
"Colombo, Western, Sri Lanka",2024-08-25,89.4,77.1,83.0,102.8,77.1,88.8,75.1,78.0,0.062,100.0,4.17,rain,0.0,0.0,25.3,11.2,234.8,1011.9,59.2,6.2,249.5,21.6,8.0,60.0,2024-08-25T06:04:02,2024-08-25T18:21:16,0.69,"Rain, Partially cloudy",Partly cloudy throughout the day with morning rain.,rain,"43450099999,43467099999,43486099999,43466099999"
"Colombo, Western, Sri Lanka",2024-08-26,87.4,80.7,84.3,97.4,87.4,91.0,73.5,70.6,0.0,0.0,0.0,rain,0.0,0.0,19.9,12.8,234.5,1011.0,44.3,7.2,269.8,23.3,9.0,60.0,2024-08-26T06:03:56,2024-08-26T18:20:48,0.75,Partially cloudy,Partly cloudy throughout the day.,partly-cloudy-day,"43450099999,43467099999,43486099999,43466099999"
"Colombo, Western, Sri Lanka",2024-08-27,87.4,78.9,84.1,95.2,78.9,90.1,73.0,69.8,0.0,0.0,0.0,rain,0.0,0.0,15.9,9.2,226.6,1011.5,41.6,7.3,259.7,22.5,9.0,30.0,2024-08-27T06:03:50,2024-08-27T18:20:20,0.76,Partially cloudy,Partly cloudy throughout the day.,partly-cloudy-day,"43450099999,43467099999,43486099999,43466099999"
"Colombo, Western, Sri Lanka",2024-08-28,87.9,78.9,84.2,98.8,78.9,90.6,73.4,70.3,0.0,0.0,0.0,rain,0.0,0.0,20.4,14.6,224.8,1011.2,57.9,7.1,186.9,16.3,7.0,30.0,2024-08-28T06:03:43,2024-08-28T18:19:52,0.8,Partially cloudy,Partly cloudy throughout the day.,partly-cloudy-day,"43450099999,43467099999,43486099999,43466099999"
"Colombo, Western, Sri Lanka",2024-08-29,88.0,81.6,84.6,100.6,88.1,92.6,74.8,72.9,0.053,100.0,8.33,rain,0.0,0.0,23.5,15.9,237.5,1010.0,51.5,7.1,213.5,18.3,8.0,60.0,2024-08-29T06:03:36,2024-08-29T18:19:23,0.83,"Rain, Partially cloudy",Partly cloudy throughout the day with morning rain.,rain,"43450099999,43467099999,43486099999,43466099999"
"Colombo, Western, Sri Lanka",2024-08-30,86.3,78.1,82.6,94.5,78.1,89.3,75.0,78.5,0.0,0.0,0.0,rain,0.0,0.0,21.3,12.8,222.5,1009.9,64.5,6.7,179.8,15.5,7.0,30.0,2024-08-30T06:03:28,2024-08-30T18:18:54,0.87,Partially cloudy,Partly cloudy throughout the day.,partly-cloudy-day,"43450099999,43467099999,43486099999,43466099999"
"Colombo, Western, Sri Lanka",2024-08-31,88.0,77.1,82.3,97.7,77.1,88.1,75.3,79.9,0.285,100.0,8.33,rain,0.0,0.0,24.6,9.2,225.3,1009.5,70.3,6.6,172.4,15.0,7.0,30.0,2024-08-31T06:03:21,2024-08-31T18:18:24,0.9,"Rain, Partially cloudy",Partly cloudy throughout the day with morning rain.,rain,"43450099999,43467099999,43486099999,43466099999"
"Colombo, Western, Sri Lanka",2024-09-01,86.4,78.9,82.8,98.2,78.9,89.6,75.4,78.7,0.79,100.0,8.33,rain,0.0,0.0,23.9,12.8,228.2,1009.1,74.3,6.8,184.9,15.8,8.0,75.0,2024-09-01T06:03:13,2024-09-01T18:17:54,0.94,"Rain, Partially cloudy",Partly cloudy throughout the day with morning rain.,rain,"43450099999,43467099999,43486099999,43466099999"
"Colombo, Western, Sri Lanka",2024-09-02,88.9,81.8,84.1,100.1,88.2,92.9,75.8,76.4,0.059,100.0,8.33,rain,0.0,0.0,29.1,12.8,245.8,1009.1,58.5,7.0,190.0,16.5,8.0,75.0,2024-09-02T06:03:04,2024-09-02T18:17:24,0.97,"Rain, Partially cloudy",Partly cloudy throughout the day with morning rain.,rain,"43450099999,43467099999,43486099999,43466099999"
"Colombo, Western, Sri Lanka",2024-09-03,84.3,75.5,80.6,96.4,75.5,84.8,74.8,82.7,0.024,100.0,4.17,rain,0.0,0.0,25.1,14.1,240.5,1010.8,92.7,7.1,104.7,9.0,5.0,75.0,2024-09-03T06:02:56,2024-09-03T18:16:53,0.0,"Rain, Overcast",Cloudy skies throughout the day with early morning rain.,rain,"43450099999,43467099999,43486099999,43466099999,remote"
"Colombo, Western, Sri Lanka",2024-09-04,86.4,77.3,82.0,94.7,77.3,88.0,75.4,80.9,0.57,100.0,8.33,rain,0.0,0.0,18.8,6.9,238.4,1010.4,70.4,7.0,169.7,14.7,6.0,60.0,2024-09-04T06:02:47,2024-09-04T18:16:22,0.04,"Rain, Partially cloudy",Partly cloudy throughout the day with morning rain.,rain,"43450099999,43467099999,43486099999,43466099999"
"Colombo, Western, Sri Lanka",2024-09-05,89.4,78.9,84.4,105.0,78.9,92.9,75.7,75.5,0.16,100.0,8.33,rain,0.0,0.0,26.2,11.4,239.6,1008.8,56.8,6.3,232.6,20.2,9.0,60.0,2024-09-05T06:02:38,2024-09-05T18:15:51,0.07,"Rain, Partially cloudy",Partly cloudy throughout the day with morning rain.,rain,"43450099999,43467099999,43486099999,43466099999"
"Colombo, Western, Sri Lanka",2024-09-06,89.0,81.6,84.5,102.3,87.7,93.8,76.1,76.4,0.0,0.0,0.0,rain,0.0,0.0,28.4,11.4,236.7,1009.2,66.8,6.5,255.1,22.0,9.0,60.0,2024-09-06T06:02:29,2024-09-06T18:15:20,0.11,Partially cloudy,Partly cloudy throughout the day.,partly-cloudy-day,"43450099999,43467099999,43486099999,43466099999"
"Colombo, Western, Sri Lanka",2024-09-07,86.5,81.6,83.6,97.7,88.0,92.0,75.8,77.6,0.001,100.0,4.17,rain,0.0,0.0,26.2,11.4,232.6,1010.2,59.4,6.7,231.8,19.8,8.0,60.0,2024-09-07T06:02:20,2024-09-07T18:14:48,0.14,"Rain, Partially cloudy",Partly cloudy throughout the day with morning rain.,rain,"43450099999,43467099999,43486099999,43466099999"
"Colombo, Western, Sri Lanka",2024-09-08,88.8,81.8,84.4,99.9,88.3,93.5,76.1,76.3,0.004,100.0,4.17,rain,0.0,0.0,21.3,12.3,237.8,1010.9,62.7,7.0,228.7,19.8,8.0,60.0,2024-09-08T06:02:11,2024-09-08T18:14:16,0.17,"Rain, Partially cloudy",Partly cloudy throughout the day with morning rain.,rain,"43450099999,43467099999,43486099999,43466099999,remote"
"Colombo, Western, Sri Lanka",2024-09-09,86.4,78.2,82.5,98.6,78.2,88.8,76.0,81.2,0.531,100.0,12.5,rain,0.0,0.0,23.3,15.0,225.8,1009.8,55.5,7.3,236.8,20.3,8.0,30.0,2024-09-09T06:02:01,2024-09-09T18:13:44,0.21,"Rain, Partially cloudy",Partly cloudy throughout the day with morning rain.,rain,"43450099999,43467099999,43486099999,43466099999,remote"
"Colombo, Western, Sri Lanka",2024-09-10,87.9,76.4,82.3,100.6,76.4,87.9,75.1,79.6,0.0,0.0,0.0,rain,0.0,0.0,24.4,10.2,224.0,1009.7,68.7,6.7,213.8,18.4,8.0,30.0,2024-09-10T06:01:51,2024-09-10T18:13:12,0.24,Partially cloudy,Partly cloudy throughout the day.,partly-cloudy-day,"43450099999,43467099999,43486099999,43466099999"
"Colombo, Western, Sri Lanka",2024-09-11,86.2,77.2,81.5,97.3,77.2,86.1,75.7,83.4,0.0,0.0,0.0,rain,0.0,0.0,21.7,6.2,230.6,1010.7,69.5,7.1,212.1,18.5,8.0,60.0,2024-09-11T06:01:42,2024-09-11T18:12:40,0.25,Partially cloudy,Partly cloudy throughout the day.,partly-cloudy-day,"43450099999,43467099999,43486099999,43466099999"
"Colombo, Western, Sri Lanka",2024-09-12,87.6,76.6,82.6,100.5,76.6,87.9,74.2,76.5,0.0,0.0,0.0,rain,0.0,0.0,20.8,6.9,209.8,1011.0,59.2,6.9,234.4,20.1,9.0,60.0,2024-09-12T06:01:32,2024-09-12T18:12:07,0.31,Partially cloudy,Partly cloudy throughout the day.,partly-cloudy-day,"43450099999,43467099999,43486099999,43466099999"
"Colombo, Western, Sri Lanka",2024-09-13,88.8,78.9,83.7,100.9,78.9,91.4,76.0,78.4,0.008,100.0,4.17,rain,0.0,0.0,21.3,10.3,221.5,1010.1,73.6,8.0,246.9,21.5,8.0,60.0,2024-09-13T06:01:22,2024-09-13T18:11:35,0.34,"Rain, Partially cloudy",Partly cloudy throughout the day with late afternoon rain.,rain,"43450099999,43467099999,43486099999,43466099999,remote"
"Colombo, Western, Sri Lanka",2024-09-14,89.0,81.6,84.3,105.0,88.8,93.6,76.3,77.4,0.041,100.0,8.33,rain,0.0,0.0,22.1,11.5,236.8,1009.6,65.1,6.5,221.4,19.2,8.0,60.0,2024-09-14T06:01:12,2024-09-14T18:11:02,0.37,"Rain, Partially cloudy",Partly cloudy throughout the day with morning rain.,rain,"43450099999,43467099999,43486099999,43466099999"
"Colombo, Western, Sri Lanka",2024-09-15,89.0,82.5,84.8,102.8,88.6,95.1,76.9,77.6,0.002,100.0,4.17,rain,0.0,0.0,26.4,11.4,245.4,1009.4,55.2,6.2,258.5,22.3,9.0,60.0,2024-09-15T06:01:02,2024-09-15T18:10:29,0.41,"Rain, Partially cloudy",Partly cloudy throughout the day with morning rain.,rain,"43450099999,43467099999,43486099999,43466099999"
"Colombo, Western, Sri Lanka",2024-09-16,90.8,80.7,85.6,105.5,88.4,97.6,78.2,79.2,0.0,0.0,0.0,rain,0.0,0.0,26.6,15.0,242.1,1009.7,47.4,6.1,244.9,21.2,9.0,75.0,2024-09-16T06:00:52,2024-09-16T18:09:57,0.44,Partially cloudy,Partly cloudy throughout the day.,partly-cloudy-day,"43450099999,43467099999"
"Colombo, Western, Sri Lanka",2024-09-17,90.8,82.5,85.9,107.7,90.9,97.4,77.6,76.8,0.0,0.0,0.0,rain,0.0,0.0,26.2,13.9,243.4,1009.3,58.6,6.5,236.8,20.5,9.0,75.0,2024-09-17T06:00:42,2024-09-17T18:09:24,0.47,Partially cloudy,Partly cloudy throughout the day.,partly-cloudy-day,"43450099999,43467099999,43486099999,43466099999"
"Colombo, Western, Sri Lanka",2024-09-18,90.8,80.7,85.3,103.3,87.4,96.4,77.6,78.4,0.0,0.0,0.0,rain,0.0,0.0,25.1,12.8,228.3,1008.0,52.6,6.3,257.8,22.2,9.0,60.0,2024-09-18T06:00:32,2024-09-18T18:08:51,0.5,Partially cloudy,Partly cloudy throughout the day.,partly-cloudy-day,"43450099999,43467099999"
"Colombo, Western, Sri Lanka",2024-09-19,90.8,82.5,85.1,105.5,89.9,96.1,77.6,78.8,0.0,0.0,0.0,rain,0.0,0.0,25.3,13.9,238.6,1008.3,51.1,6.2,228.8,19.8,9.0,60.0,2024-09-19T06:00:22,2024-09-19T18:08:18,0.54,Partially cloudy,Partly cloudy throughout the day.,partly-cloudy-day,"43450099999,43467099999"
"Colombo, Western, Sri Lanka",2024-09-20,90.8,82.2,85.2,104.9,90.5,95.6,77.2,77.7,0.0,0.0,0.0,rain,0.0,0.0,23.5,11.4,239.4,1008.4,47.8,6.2,247.1,21.5,8.0,60.0,2024-09-20T06:00:12,2024-09-20T18:07:46,0.57,Partially cloudy,Partly cloudy throughout the day.,partly-cloudy-day,"43450099999,43467099999"
"Colombo, Western, Sri Lanka",2024-09-21,90.8,82.5,85.7,105.4,91.1,96.2,77.0,75.9,0.0,0.0,0.0,rain,0.0,0.0,25.3,11.4,246.2,1008.3,54.0,6.2,240.8,20.8,8.0,60.0,2024-09-21T06:00:02,2024-09-21T18:07:13,0.61,Partially cloudy,Partly cloudy throughout the day.,partly-cloudy-day,"43450099999,43467099999"
"Colombo, Western, Sri Lanka",2024-09-22,90.8,81.0,85.4,104.9,87.4,96.4,77.4,77.4,0.0,0.0,0.0,rain,0.0,0.0,23.9,16.1,245.0,1007.9,59.8,6.2,249.0,21.5,9.0,60.0,2024-09-22T05:59:52,2024-09-22T18:06:40,0.64,Partially cloudy,Partly cloudy throughout the day.,partly-cloudy-day,"43450099999,43467099999"
"Colombo, Western, Sri Lanka",2024-09-23,89.4,82.5,85.1,102.8,91.1,95.6,77.2,77.7,0.0,0.0,0.0,rain,0.0,0.0,26.6,16.1,242.9,1008.0,56.8,6.2,197.3,16.9,6.0,60.0,2024-09-23T05:59:42,2024-09-23T18:06:08,0.68,Partially cloudy,Partly cloudy throughout the day.,partly-cloudy-day,"43450099999,43467099999"
"Colombo, Western, Sri Lanka",2024-09-24,90.8,81.6,85.5,105.5,88.7,97.1,77.9,78.5,0.004,100.0,4.17,rain,0.0,0.0,29.5,12.8,241.4,1007.9,53.2,6.5,238.7,20.2,9.0,60.0,2024-09-24T05:59:32,2024-09-24T18:05:36,0.71,"Rain, Partially cloudy",Partly cloudy throughout the day with early morning rain.,rain,"43450099999,43467099999,remote"
"Colombo, Western, Sri Lanka",2024-09-25,89.4,78.9,84.1,105.5,78.9,94.8,78.5,83.7,0.0,0.0,0.0,rain,0.0,0.0,24.2,12.8,236.1,1007.7,52.6,6.1,232.0,20.1,9.0,60.0,2024-09-25T05:59:23,2024-09-25T18:05:04,0.75,Partially cloudy,Partly cloudy throughout the day.,partly-cloudy-day,"43450099999,43467099999"
"Colombo, Western, Sri Lanka",2024-09-26,91.2,80.4,85.3,105.4,86.6,96.2,77.7,79.0,0.0,0.0,0.0,rain,0.0,0.0,21.0,10.3,232.0,1007.4,49.6,6.0,259.6,22.3,9.0,60.0,2024-09-26T05:59:14,2024-09-26T18:04:32,0.78,Partially cloudy,Partly cloudy throughout the day.,partly-cloudy-day,"43450099999,43467099999"
"Colombo, Western, Sri Lanka",2024-09-27,89.4,80.7,84.9,102.8,88.4,95.7,77.8,80.0,0.0,0.0,0.0,rain,0.0,0.0,22.4,9.3,270.2,1008.6,63.3,6.2,229.7,19.7,8.0,60.0,2024-09-27T05:59:05,2024-09-27T18:04:00,0.81,Partially cloudy,Partly cloudy throughout the day.,partly-cloudy-day,"43450099999,43467099999"
"Colombo, Western, Sri Lanka",2024-09-28,92.6,75.3,83.1,113.4,75.3,90.6,77.7,84.9,0.071,100.0,8.33,rain,0.0,0.0,13.9,8.4,179.2,1008.1,52.1,5.7,249.7,21.5,9.0,60.0,2024-09-28T05:58:56,2024-09-28T18:03:28,0.85,"Rain, Partially cloudy",Partly cloudy throughout the day with late afternoon rain.,rain,"43450099999,43467099999,remote"
"Colombo, Western, Sri Lanka",2024-09-29,90.8,75.3,81.0,108.4,75.3,85.9,76.9,88.5,0.016,100.0,4.17,rain,0.0,0.0,16.3,9.8,220.9,1008.8,51.0,5.9,251.4,21.7,9.0,30.0,2024-09-29T05:58:47,2024-09-29T18:02:57,0.88,"Rain, Partially cloudy",Partly cloudy throughout the day with afternoon rain.,rain,"43450099999,43467099999,remote"
"Colombo, Western, Sri Lanka",2024-09-30,87.9,77.1,80.8,105.5,77.1,85.7,77.2,89.5,0.004,100.0,4.17,rain,0.0,0.0,17.4,7.6,357.2,1009.3,57.2,6.3,227.1,19.6,8.0,60.0,2024-09-30T05:58:38,2024-09-30T18:02:26,0.91,"Rain, Partially cloudy",Partly cloudy throughout the day with afternoon rain.,rain,"43450099999,43467099999,remote"
"Colombo, Western, Sri Lanka",2024-10-01,91.5,75.3,83.6,107.6,75.3,91.5,76.8,81.4,0.0,0.0,0.0,rain,0.0,0.0,22.4,14.7,197.2,1008.0,33.8,5.8,267.9,23.0,9.0,60.0,2024-10-01T05:58:30,2024-10-01T18:01:55,0.95,Partially cloudy,Becoming cloudy in the afternoon.,partly-cloudy-day,"43450099999,43467099999"
"Colombo, Western, Sri Lanka",2024-10-02,91.2,77.4,84.4,105.4,77.4,93.1,77.2,80.0,0.0,0.0,0.0,,0.0,0.0,21.0,12.0,193.8,1009.9,46.4,6.0,276.7,23.7,10.0,60.0,2024-10-02T05:58:22,2024-10-02T18:01:25,0.98,Partially cloudy,Partly cloudy throughout the day.,partly-cloudy-day,"43450099999,43467099999"
"Colombo, Western, Sri Lanka",2024-10-03,90.5,78.9,84.3,104.9,78.9,94.3,78.2,82.9,0.0,0.0,0.0,rain,0.0,0.0,20.8,12.8,208.8,1010.0,45.1,6.1,244.3,21.1,8.0,60.0,2024-10-03T05:58:15,2024-10-03T18:00:54,0.0,Partially cloudy,Partly cloudy throughout the day.,partly-cloudy-day,"43450099999,43467099999,43486099999"
"Colombo, Western, Sri Lanka",2024-10-04,90.8,78.6,84.2,105.4,78.6,93.6,77.6,81.4,0.0,0.0,0.0,rain,0.0,0.0,21.0,12.8,205.6,1009.9,44.2,6.3,245.8,21.2,9.0,60.0,2024-10-04T05:58:07,2024-10-04T18:00:25,0.05,Partially cloudy,Partly cloudy throughout the day.,partly-cloudy-day,"43450099999,43467099999,43466099999"
"Colombo, Western, Sri Lanka",2024-10-05,90.8,78.9,83.9,104.9,78.9,92.8,77.8,82.8,0.0,0.0,0.0,rain,0.0,0.0,13.0,6.4,211.9,1010.0,43.4,6.1,276.1,23.8,10.0,60.0,2024-10-05T05:58:00,2024-10-05T17:59:55,0.08,Partially cloudy,Partly cloudy throughout the day.,partly-cloudy-day,"43450099999,43467099999"
"Colombo, Western, Sri Lanka",2024-10-06,90.8,77.1,83.9,104.9,77.1,92.8,78.0,83.4,0.0,0.0,0.0,rain,0.0,0.0,21.5,6.9,232.4,1009.4,55.2,5.9,204.0,17.6,8.0,60.0,2024-10-06T05:57:53,2024-10-06T17:59:26,0.12,Partially cloudy,Partly cloudy throughout the day.,partly-cloudy-day,"43450099999,43467099999"
"Colombo, Western, Sri Lanka",2024-10-07,85.8,75.3,80.2,97.3,75.3,84.6,77.2,90.9,0.142,100.0,8.33,rain,0.0,0.0,20.1,10.3,241.8,1011.0,80.0,5.4,127.4,11.0,7.0,30.0,2024-10-07T05:57:47,2024-10-07T17:58:58,0.15,"Rain, Partially cloudy",Partly cloudy throughout the day with rain.,rain,"43450099999,43467099999,remote"
"Colombo, Western, Sri Lanka",2024-10-08,87.6,74.7,80.9,96.3,74.7,85.8,75.0,83.5,0.0,0.0,0.0,rain,0.0,0.0,20.6,6.9,203.5,1011.3,82.4,6.0,99.2,8.5,4.0,30.0,2024-10-08T05:57:41,2024-10-08T17:58:30,0.19,Partially cloudy,Partly cloudy throughout the day.,partly-cloudy-day,"43450099999,43467099999,43466099999"
"Colombo, Western, Sri Lanka",2024-10-09,89.4,73.5,82.8,102.8,73.5,90.4,77.3,84.3,0.0,0.0,0.0,rain,0.0,0.0,18.8,9.2,219.8,1009.7,64.0,5.9,227.9,19.7,8.0,60.0,2024-10-09T05:57:36,2024-10-09T17:58:02,0.22,Partially cloudy,Partly cloudy throughout the day.,partly-cloudy-day,"43450099999,43467099999"
"Colombo, Western, Sri Lanka",2024-10-10,83.3,75.3,78.4,93.0,75.3,80.0,77.1,96.0,0.126,100.0,8.33,rain,0.0,0.0,25.7,9.2,169.0,1008.8,93.5,4.5,152.1,13.1,8.0,30.0,2024-10-10T05:57:31,2024-10-10T17:57:35,0.25,"Rain, Overcast",Cloudy skies throughout the day with early morning rain.,rain,"43450099999,43467099999,remote"
"Colombo, Western, Sri Lanka",2024-10-11,80.7,77.1,79.1,87.4,77.1,81.0,76.5,91.8,0.28,100.0,8.33,rain,0.0,0.0,31.3,20.9,242.1,1008.7,94.0,4.8,59.0,4.9,2.0,10.0,2024-10-11T05:57:26,2024-10-11T17:57:08,0.25,"Rain, Overcast",Cloudy skies throughout the day with rain.,rain,"43450099999,43467099999,remote"
"Colombo, Western, Sri Lanka",2024-10-12,86.1,77.1,81.0,97.4,77.1,86.2,76.8,87.6,0.118,100.0,8.33,rain,0.0,0.0,21.0,12.5,225.1,1009.3,76.9,5.7,120.4,10.4,5.0,30.0,2024-10-12T05:57:22,2024-10-12T17:56:42,0.32,"Rain, Partially cloudy",Partly cloudy throughout the day with early morning rain.,rain,"43450099999,43467099999,remote"
"Colombo, Western, Sri Lanka",2024-10-13,86.6,77.1,78.7,98.6,77.1,80.6,76.9,94.4,0.024,100.0,4.17,rain,0.0,0.0,21.0,12.8,168.3,1009.2,76.4,5.6,40.3,3.5,2.0,30.0,2024-10-13T05:57:18,2024-10-13T17:56:16,0.36,"Rain, Partially cloudy",Partly cloudy throughout the day with morning rain.,rain,"43450099999,43467099999,remote"
"Colombo, Western, Sri Lanka",2024-10-14,80.7,75.3,77.5,88.4,75.3,78.1,76.7,97.3,0.067,100.0,8.33,rain,0.0,0.0,20.1,11.4,197.8,1009.3,96.3,4.9,75.7,6.5,4.0,10.0,2024-10-14T05:57:15,2024-10-14T17:55:51,0.39,"Rain, Overcast",Cloudy skies throughout the day with morning rain.,rain,"43450099999,43467099999,remote"
"Colombo, Western, Sri Lanka",2024-10-15,89.4,75.2,81.8,102.8,75.2,88.9,76.9,86.0,0.0,0.0,0.0,rain,0.0,0.0,24.2,10.3,236.3,1008.7,64.1,5.8,149.4,12.9,7.0,30.0,2024-10-15T05:57:12,2024-10-15T17:55:27,0.42,Partially cloudy,Partly cloudy throughout the day.,partly-cloudy-day,"43450099999,43467099999,43486099999"
"Colombo, Western, Sri Lanka",2024-10-16,89.4,78.9,84.5,102.8,78.9,95.1,78.1,82.0,0.0,0.0,0.0,rain,0.0,0.0,23.9,10.3,235.7,1008.7,51.4,6.1,230.3,19.8,9.0,30.0,2024-10-16T05:57:10,2024-10-16T17:55:03,0.46,Partially cloudy,Partly cloudy throughout the day.,partly-cloudy-day,"43450099999,43467099999"
"Colombo, Western, Sri Lanka",2024-10-17,89.4,80.7,84.9,102.8,88.4,95.6,77.8,80.2,0.0,0.0,0.0,rain,0.0,0.0,20.8,7.1,233.3,1008.8,46.1,6.2,225.6,19.4,8.0,30.0,2024-10-17T05:57:08,2024-10-17T17:54:40,0.5,Partially cloudy,Partly cloudy throughout the day.,partly-cloudy-day,"43450099999,43467099999"
"Colombo, Western, Sri Lanka",2024-10-18,89.7,78.9,83.6,103.3,78.9,91.4,77.5,83.1,0.0,0.0,0.0,rain,0.0,0.0,20.1,9.2,209.7,1009.0,49.3,6.0,246.9,21.3,9.0,30.0,2024-10-18T05:57:07,2024-10-18T17:54:17,0.53,Partially cloudy,Partly cloudy throughout the day.,partly-cloudy-day,"43450099999,43467099999"
"Colombo, Western, Sri Lanka",2024-10-19,91.2,77.1,83.3,105.4,77.1,90.5,77.0,82.5,0.0,0.0,0.0,rain,0.0,0.0,19.5,8.1,215.6,1009.8,56.9,5.6,236.2,20.4,8.0,30.0,2024-10-19T05:57:06,2024-10-19T17:53:56,0.56,Partially cloudy,Partly cloudy throughout the day.,partly-cloudy-day,"43450099999,43467099999"
"Colombo, Western, Sri Lanka",2024-10-20,84.9,78.6,80.7,98.9,78.6,85.6,78.5,93.4,0.008,100.0,4.17,rain,0.0,0.0,15.2,9.2,182.0,1010.3,69.8,5.8,230.8,19.9,8.0,30.0,2024-10-20T05:57:06,2024-10-20T17:53:34,0.59,"Rain, Partially cloudy",Partly cloudy throughout the day with morning rain.,rain,"43450099999,43467099999,remote"
"Colombo, Western, Sri Lanka",2024-10-21,87.6,77.1,81.4,100.5,77.1,86.6,77.9,90.0,0.0,0.0,0.0,rain,0.0,0.0,11.2,7.3,193.0,1010.2,67.0,5.9,252.0,21.7,9.0,30.0,2024-10-21T05:57:07,2024-10-21T17:53:14,0.63,Partially cloudy,Partly cloudy throughout the day.,partly-cloudy-day,"43450099999,43467099999"
"Colombo, Western, Sri Lanka",2024-10-22,84.3,78.2,80.7,96.4,78.2,85.4,77.9,91.5,0.098,100.0,16.67,rain,0.0,0.0,15.2,6.7,179.5,1010.5,78.8,7.7,153.4,13.4,6.0,30.0,2024-10-22T05:57:08,2024-10-22T17:52:54,0.66,"Rain, Partially cloudy",Partly cloudy throughout the day with rain in the morning and afternoon.,rain,"43450099999,43467099999,remote"
"Colombo, Western, Sri Lanka",2024-10-23,87.9,77.1,80.6,102.7,77.1,85.6,77.9,91.9,0.036,100.0,12.5,rain,0.0,0.0,17.7,11.4,191.4,1010.2,69.6,7.1,150.3,13.0,7.0,30.0,2024-10-23T05:57:10,2024-10-23T17:52:35,0.69,"Rain, Partially cloudy",Partly cloudy throughout the day with rain in the morning and afternoon.,rain,"43450099999,43467099999,remote"
"Colombo, Western, Sri Lanka",2024-10-24,89.4,77.1,82.3,102.8,77.1,88.6,77.3,86.0,0.051,100.0,4.17,rain,0.0,0.0,23.0,10.3,187.1,1010.6,54.7,5.9,223.9,19.2,8.0,30.0,2024-10-24T05:57:13,2024-10-24T17:52:17,0.75,"Rain, Partially cloudy",Partly cloudy throughout the day with early morning rain.,rain,"43450099999,43467099999,remote"
"Colombo, Western, Sri Lanka",2024-10-25,89.4,77.1,82.6,103.3,77.1,89.8,77.9,86.5,0.071,100.0,8.33,rain,0.0,0.0,19.9,11.4,211.8,1010.8,59.6,6.3,216.4,18.6,8.0,30.0,2024-10-25T05:57:16,2024-10-25T17:52:00,0.76,"Rain, Partially cloudy",Partly cloudy throughout the day with rain.,rain,"43450099999,43467099999,remote"
"Colombo, Western, Sri Lanka",2024-10-26,89.4,75.3,80.9,102.3,75.3,85.6,76.5,87.7,0.0,0.0,0.0,rain,0.0,0.0,20.6,13.9,207.4,1010.7,68.2,5.7,175.3,15.2,7.0,30.0,2024-10-26T05:57:20,2024-10-26T17:51:43,0.79,Partially cloudy,Partly cloudy throughout the day.,partly-cloudy-day,"43450099999,43467099999"
"Colombo, Western, Sri Lanka",2024-10-27,86.1,77.1,81.2,99.7,77.1,87.8,77.8,89.7,0.055,100.0,4.17,rain,0.0,0.0,20.4,7.8,224.3,1009.5,52.8,5.9,178.2,15.4,7.0,30.0,2024-10-27T05:57:24,2024-10-27T17:51:28,0.83,"Rain, Partially cloudy",Partly cloudy throughout the day with early morning rain.,rain,"43450099999,43467099999,remote"
"Colombo, Western, Sri Lanka",2024-10-28,87.9,77.1,82.5,105.5,77.1,90.0,78.2,87.7,0.083,100.0,4.17,rain,0.0,0.0,19.7,10.5,211.3,1008.9,62.1,5.8,252.4,21.8,9.0,30.0,2024-10-28T05:57:29,2024-10-28T17:51:13,0.86,"Rain, Partially cloudy",Partly cloudy throughout the day with morning rain.,rain,"43450099999,43467099999,remote"
"Colombo, Western, Sri Lanka",2024-10-29,89.4,78.9,83.4,103.1,78.9,92.3,78.5,86.3,0.0,0.0,0.0,rain,0.0,0.0,19.0,5.5,234.0,1009.5,61.8,5.9,235.1,20.3,8.0,60.0,2024-10-29T05:57:35,2024-10-29T17:50:59,0.89,Partially cloudy,Partly cloudy throughout the day.,partly-cloudy-day,"43450099999,43467099999"
"Colombo, Western, Sri Lanka",2024-10-30,89.4,78.9,83.9,102.8,78.9,92.8,77.9,83.2,0.0,0.0,0.0,rain,0.0,0.0,17.2,6.4,225.5,1009.6,48.0,5.7,243.2,21.1,8.0,60.0,2024-10-30T05:57:42,2024-10-30T17:50:46,0.92,Partially cloudy,Partly cloudy throughout the day.,partly-cloudy-day,"43450099999,43467099999"
"Colombo, Western, Sri Lanka",2024-10-31,90.8,77.1,83.6,104.9,77.1,91.3,77.4,82.7,0.0,0.0,0.0,rain,0.0,0.0,16.1,9.2,221.6,1010.2,47.1,5.4,246.7,21.2,9.0,30.0,2024-10-31T05:57:49,2024-10-31T17:50:33,0.96,Partially cloudy,Partly cloudy throughout the day.,partly-cloudy-day,"43450099999,43467099999"
"Colombo, Western, Sri Lanka",2024-11-01,89.0,75.3,81.3,100.4,75.3,86.5,76.6,86.7,0.008,100.0,8.33,rain,0.0,0.0,13.0,8.1,189.4,1011.0,55.6,6.9,213.5,18.5,8.0,30.0,2024-11-01T05:57:57,2024-11-01T17:50:22,0.0,"Rain, Partially cloudy",Clearing in the afternoon with rain clearing later.,rain,"43450099999,43467099999,remote"
"Colombo, Western, Sri Lanka",2024-11-02,87.9,75.3,80.2,99.7,75.3,84.1,75.8,87.7,0.0,0.0,0.0,rain,0.0,0.0,14.5,11.4,210.4,1011.3,65.4,6.0,143.9,12.4,8.0,30.0,2024-11-02T05:58:06,2024-11-02T17:50:12,0.03,Partially cloudy,Partly cloudy throughout the day.,partly-cloudy-day,"43450099999,43467099999"
"Colombo, Western, Sri Lanka",2024-11-03,88.7,73.5,81.1,99.7,73.5,86.0,75.6,84.9,0.016,100.0,4.17,rain,0.0,0.0,14.3,8.1,200.9,1010.9,60.0,5.7,200.8,17.3,8.0,30.0,2024-11-03T05:58:15,2024-11-03T17:50:02,0.06,"Rain, Partially cloudy",Partly cloudy throughout the day with late afternoon rain.,rain,"43450099999,43467099999,remote"
"Colombo, Western, Sri Lanka",2024-11-04,87.6,75.3,80.2,99.7,75.3,83.8,76.1,88.5,0.004,100.0,4.17,rain,0.0,0.0,13.4,12.8,165.3,1010.2,75.4,5.4,130.7,11.3,5.0,10.0,2024-11-04T05:58:25,2024-11-04T17:49:54,0.1,"Rain, Partially cloudy",Partly cloudy throughout the day with late afternoon rain.,rain,"43450099999,43467099999,remote"
"Colombo, Western, Sri Lanka",2024-11-05,87.9,75.3,79.2,98.0,75.3,82.5,75.5,89.5,0.067,100.0,8.33,rain,0.0,0.0,9.8,9.2,27.8,1010.1,55.8,5.9,109.8,9.5,4.0,30.0,2024-11-05T05:58:36,2024-11-05T17:49:46,0.13,"Rain, Partially cloudy",Partly cloudy throughout the day with early morning rain.,rain,"43450099999,43467099999,remote"
"Colombo, Western, Sri Lanka",2024-11-06,91.2,75.0,81.6,102.5,75.0,86.5,75.2,82.9,0.0,0.0,0.0,,0.0,0.0,18.6,12.8,343.1,1010.2,22.9,4.5,267.7,23.0,9.0,30.0,2024-11-06T05:58:48,2024-11-06T17:49:39,0.16,Partially cloudy,Partly cloudy throughout the day.,partly-cloudy-day,"43450099999,43467099999"
"Colombo, Western, Sri Lanka",2024-11-07,89.4,75.3,82.1,102.8,75.3,88.9,77.1,85.7,0.0,0.0,0.0,,0.0,0.0,21.3,8.4,336.1,1009.9,25.8,5.0,228.7,19.7,8.0,30.0,2024-11-07T05:59:00,2024-11-07T17:49:34,0.2,Partially cloudy,Partly cloudy throughout the day.,partly-cloudy-day,"43450099999,43467099999,remote"
"Colombo, Western, Sri Lanka",2024-11-08,86.1,75.3,79.5,99.7,75.3,83.6,77.0,92.6,0.043,100.0,8.33,rain,0.0,0.0,20.4,11.2,340.5,1009.4,65.4,5.9,132.9,11.4,5.0,30.0,2024-11-08T05:59:13,2024-11-08T17:49:29,0.23,"Rain, Partially cloudy",Partly cloudy throughout the day with rain.,rain,"43450099999,43467099999,remote"
"Colombo, Western, Sri Lanka",2024-11-09,91.2,75.3,82.1,104.9,75.3,87.6,75.6,82.1,0.0,0.0,0.0,rain,0.0,0.0,22.4,10.8,1.9,1009.0,52.8,6.1,203.3,17.4,8.0,60.0,2024-11-09T05:59:27,2024-11-09T17:49:25,0.25,Partially cloudy,Partly cloudy throughout the day.,partly-cloudy-day,"43450099999,43467099999"
"Colombo, Western, Sri Lanka",2024-11-10,91.5,75.3,83.0,102.5,75.3,88.4,75.0,78.6,0.0,0.0,0.0,,0.0,0.0,22.1,15.4,349.0,1008.9,29.4,6.1,255.8,22.0,9.0,30.0,2024-11-10T05:59:41,2024-11-10T17:49:22,0.3,Partially cloudy,Partly cloudy throughout the day.,partly-cloudy-day,"43450099999,43467099999"
"Colombo, Western, Sri Lanka",2024-11-11,90.8,75.3,83.0,103.3,75.3,89.9,75.9,80.4,0.0,0.0,0.0,rain,0.0,0.0,21.0,10.8,349.3,1008.5,33.5,6.0,254.7,21.8,9.0,30.0,2024-11-11T05:59:57,2024-11-11T17:49:21,0.34,Partially cloudy,Partly cloudy throughout the day.,partly-cloudy-day,"43450099999,43467099999,43466099999"
"Colombo, Western, Sri Lanka",2024-11-12,91.2,77.1,84.1,103.3,77.1,92.4,77.5,82.1,0.0,0.0,0.0,rain,0.0,0.0,20.8,10.6,326.4,1008.2,38.4,4.6,208.1,17.9,7.0,30.0,2024-11-12T06:00:13,2024-11-12T17:49:20,0.37,Partially cloudy,Partly cloudy throughout the day.,partly-cloudy-day,"43450099999,43467099999"
"Colombo, Western, Sri Lanka",2024-11-13,89.4,77.1,82.4,102.8,77.1,89.1,77.7,87.0,0.0,0.0,0.0,rain,0.0,0.0,14.1,7.6,351.2,1007.4,57.9,4.7,207.0,17.7,7.0,30.0,2024-11-13T06:00:29,2024-11-13T17:49:20,0.41,Partially cloudy,Becoming cloudy in the afternoon.,partly-cloudy-day,"43450099999,43467099999,remote"
"Colombo, Western, Sri Lanka",2024-11-14,91.2,73.5,81.9,105.8,73.5,87.9,76.8,86.2,0.036,100.0,8.33,rain,0.0,0.0,13.6,8.1,200.7,1008.4,62.2,5.8,213.6,18.4,8.0,30.0,2024-11-14T06:00:47,2024-11-14T17:49:21,0.44,"Rain, Partially cloudy",Partly cloudy throughout the day with rain.,rain,"43450099999,43467099999,remote"
"Colombo, Western, Sri Lanka",2024-11-15,89.4,75.3,80.1,105.5,75.3,84.4,76.2,89.1,0.0,0.0,0.0,rain,0.0,0.0,12.5,6.9,69.6,1009.2,60.8,5.5,144.0,12.6,6.0,10.0,2024-11-15T06:01:05,2024-11-15T17:49:24,0.48,Partially cloudy,Partly cloudy throughout the day.,partly-cloudy-day,"43450099999,43467099999"
"Colombo, Western, Sri Lanka",2024-11-16,89.4,73.5,80.9,102.7,73.5,86.3,76.4,87.4,0.008,100.0,8.33,rain,0.0,0.0,13.9,8.1,195.7,1008.7,34.3,6.7,228.1,19.6,8.0,30.0,2024-11-16T06:01:24,2024-11-16T17:49:27,0.5,"Rain, Partially cloudy",Partly cloudy throughout the day with rain.,rain,"43450099999,43467099999,remote"
"Colombo, Western, Sri Lanka",2024-11-17,91.2,75.3,81.9,103.7,75.3,87.6,76.6,85.4,0.071,100.0,4.17,rain,0.0,0.0,13.9,11.0,357.9,1008.1,42.7,5.9,267.1,23.2,9.0,30.0,2024-11-17T06:01:43,2024-11-17T17:49:31,0.54,"Rain, Partially cloudy",Partly cloudy throughout the day with late afternoon rain.,rain,"43450099999,43467099999,remote"
"Colombo, Western, Sri Lanka",2024-11-18,87.3,77.1,81.1,98.1,77.1,85.3,75.9,84.9,0.398,100.0,54.17,rain,0.0,0.0,15.2,6.7,44.1,1009.1,76.1,11.7,219.1,18.9,8.0,30.0,2024-11-18T06:02:04,2024-11-18T17:49:36,0.58,"Rain, Partially cloudy",Partly cloudy throughout the day with rain.,rain,"43450099999,remote"
"Colombo, Western, Sri Lanka",2024-11-19,85.7,77.1,80.2,97.7,77.1,83.9,75.9,87.0,1.33,100.0,79.17,rain,0.0,0.0,15.0,7.6,61.3,1009.8,95.3,11.0,209.4,18.1,8.0,30.0,2024-11-19T06:02:25,2024-11-19T17:49:43,0.61,"Rain, Overcast",Cloudy skies throughout the day with a chance of rain throughout the day.,rain,remote
"Colombo, Western, Sri Lanka",2024-11-20,84.6,76.9,80.0,93.6,76.9,83.5,75.6,86.7,2.382,100.0,79.17,rain,0.0,0.0,16.8,11.9,95.7,1009.6,91.8,12.5,146.9,12.6,7.0,30.0,2024-11-20T06:02:46,2024-11-20T17:49:50,0.64,"Rain, Overcast",Cloudy skies throughout the day with a chance of rain throughout the day.,rain,remote
"Colombo, Western, Sri Lanka",2024-11-21,85.2,78.0,81.0,97.4,78.0,85.5,75.9,84.7,0.04,100.0,33.33,rain,0.0,0.0,19.9,11.9,30.5,1009.5,84.0,13.2,174.0,15.0,7.0,30.0,2024-11-21T06:03:08,2024-11-21T17:49:58,0.67,"Rain, Partially cloudy",Partly cloudy throughout the day with a chance of rain throughout the day.,rain,remote
"Colombo, Western, Sri Lanka",2024-11-22,89.4,75.3,80.5,100.4,75.3,83.9,75.7,86.6,0.15,100.0,8.33,rain,0.0,0.0,22.1,17.2,15.8,1009.2,77.6,6.8,243.2,20.9,9.0,60.0,2024-11-22T06:03:31,2024-11-22T17:50:07,0.71,"Rain, Partially cloudy",Partly cloudy throughout the day with rain.,rain,"43450099999,43467099999,remote"
"Colombo, Western, Sri Lanka",2024-11-23,89.0,75.3,80.6,100.4,75.3,84.5,75.7,86.7,0.0,0.0,0.0,rain,0.0,0.0,22.8,9.6,16.6,1009.2,83.1,5.6,204.4,17.7,8.0,60.0,2024-11-23T06:03:55,2024-11-23T17:50:17,0.75,Partially cloudy,Partly cloudy throughout the day.,partly-cloudy-day,"43450099999,43467099999"
"Colombo, Western, Sri Lanka",2024-11-24,85.8,75.3,79.3,95.3,75.3,82.0,75.8,89.7,0.0,0.0,0.0,rain,0.0,0.0,24.2,13.2,22.1,1009.3,92.6,5.8,93.5,8.1,4.0,10.0,2024-11-24T06:04:19,2024-11-24T17:50:29,0.77,Overcast,Cloudy skies throughout the day.,cloudy,"43450099999,43467099999"
"Colombo, Western, Sri Lanka",2024-11-25,80.7,75.3,77.3,86.6,75.3,78.4,75.0,93.1,0.012,100.0,4.17,rain,0.0,0.0,30.6,17.7,15.9,1008.1,99.8,6.1,55.2,4.7,3.0,10.0,2024-11-25T06:04:43,2024-11-25T17:50:41,0.81,"Rain, Overcast",Cloudy skies throughout the day with late afternoon rain.,rain,"43450099999,43467099999,remote"
"Colombo, Western, Sri Lanka",2024-11-26,80.4,75.3,77.5,85.9,75.3,78.0,76.0,95.2,0.772,100.0,12.5,rain,0.0,0.0,32.4,18.1,343.3,1006.1,99.5,4.1,39.4,3.5,2.0,10.0,2024-11-26T06:05:08,2024-11-26T17:50:54,0.84,"Rain, Overcast",Cloudy skies throughout the day with rain.,rain,"43450099999,43467099999,remote"
"Colombo, Western, Sri Lanka",2024-11-27,82.8,77.1,79.1,91.7,77.1,80.9,76.9,93.1,0.177,100.0,8.33,rain,0.0,0.0,38.9,22.6,334.6,1005.5,98.1,4.6,58.4,4.9,3.0,10.0,2024-11-27T06:05:34,2024-11-27T17:51:08,0.87,"Rain, Overcast",Cloudy skies throughout the day with rain.,rain,"43450099999,43467099999,remote"
"Colombo, Western, Sri Lanka",2024-11-28,85.8,73.8,78.8,93.5,73.8,80.9,73.0,83.4,0.0,0.0,0.0,rain,0.0,0.0,32.9,20.5,4.2,1006.7,79.7,3.7,123.3,10.6,6.0,10.0,2024-11-28T06:06:00,2024-11-28T17:51:22,0.9,Partially cloudy,Partly cloudy throughout the day.,partly-cloudy-day,"43450099999,43467099999"
"Colombo, Western, Sri Lanka",2024-11-29,83.3,73.5,77.7,90.2,73.5,78.8,74.4,89.7,0.0,0.0,0.0,rain,0.0,0.0,24.6,6.9,59.2,1006.8,92.6,3.7,76.3,6.5,4.0,10.0,2024-11-29T06:06:27,2024-11-29T17:51:38,0.94,Overcast,Cloudy skies throughout the day.,cloudy,"43450099999,43467099999"
"Colombo, Western, Sri Lanka",2024-11-30,83.6,75.3,78.7,93.6,75.3,81.6,76.6,93.6,0.008,100.0,4.17,rain,0.0,0.0,22.6,9.2,186.4,1006.7,98.5,3.7,127.3,11.1,5.0,30.0,2024-11-30T06:06:54,2024-11-30T17:51:55,0.97,"Rain, Overcast",Cloudy skies throughout the day with early morning rain.,rain,"43450099999,43467099999,remote"
"Colombo, Western, Sri Lanka",2024-12-01,85.9,78.9,83.2,95.5,78.9,90.1,74.9,76.3,0.024,100.0,20.83,rain,0.0,0.0,28.0,17.4,249.2,1006.8,74.3,13.6,216.0,18.7,8.0,60.0,2024-12-01T06:07:21,2024-12-01T17:52:12,0.0,"Rain, Partially cloudy",Partly cloudy throughout the day with rain clearing later.,rain,"43450099999,remote"
"Colombo, Western, Sri Lanka",2024-12-02,89.4,77.1,83.7,98.4,77.1,89.7,74.2,74.1,0.0,0.0,0.0,rain,0.0,0.0,22.6,9.6,233.7,1007.5,48.3,7.3,214.5,18.4,8.0,30.0,2024-12-02T06:07:49,2024-12-02T17:52:31,0.04,Partially cloudy,Partly cloudy throughout the day.,partly-cloudy-day,"43450099999,43467099999,remote"
"Colombo, Western, Sri Lanka",2024-12-03,89.4,75.3,82.2,98.4,75.3,87.0,74.7,79.8,0.0,0.0,0.0,rain,0.0,0.0,17.0,5.3,275.3,1008.8,55.8,6.2,228.3,19.5,8.0,10.0,2024-12-03T06:08:18,2024-12-03T17:52:50,0.07,Partially cloudy,Partly cloudy throughout the day.,partly-cloudy-day,"43450099999,43467099999,remote"
"Colombo, Western, Sri Lanka",2024-12-04,87.9,75.3,82.4,96.4,75.3,87.6,74.3,77.6,0.0,0.0,0.0,rain,0.0,0.0,10.7,8.1,211.7,1009.4,47.2,7.2,235.2,20.3,8.0,10.0,2024-12-04T06:08:46,2024-12-04T17:53:10,0.11,Partially cloudy,Becoming cloudy in the afternoon.,partly-cloudy-day,"43450099999,43467099999,43486099999,remote,43466099999"
"Colombo, Western, Sri Lanka",2024-12-05,89.4,77.1,82.5,98.8,77.1,87.4,75.1,79.9,0.003,100.0,4.17,rain,0.0,0.0,11.4,6.3,322.2,1009.8,54.6,5.8,232.6,20.0,8.0,30.0,2024-12-05T06:09:15,2024-12-05T17:53:30,0.14,"Rain, Partially cloudy",Partly cloudy throughout the day with afternoon rain.,rain,"43450099999,43467099999,43486099999,43466099999,remote"
"Colombo, Western, Sri Lanka",2024-12-06,89.7,75.3,82.0,102.4,75.3,87.4,75.0,81.1,0.095,100.0,8.33,rain,0.0,0.0,16.1,9.2,10.9,1009.4,48.1,6.1,194.1,16.8,7.0,30.0,2024-12-06T06:09:44,2024-12-06T17:53:52,0.18,"Rain, Partially cloudy",Partly cloudy throughout the day with rain in the morning and afternoon.,rain,"43450099999,43467099999,43486099999,43466099999"
"Colombo, Western, Sri Lanka",2024-12-07,89.7,75.3,81.6,102.8,75.3,86.9,75.6,83.0,0.0,0.0,0.0,rain,0.0,0.0,14.1,8.1,20.4,1009.1,52.4,6.9,229.1,19.7,9.0,30.0,2024-12-07T06:10:14,2024-12-07T17:54:14,0.21,Partially cloudy,Partly cloudy throughout the day.,partly-cloudy-day,"43450099999,43467099999,43486099999,43466099999"
"Colombo, Western, Sri Lanka",2024-12-08,89.7,75.3,81.6,100.1,75.3,85.6,74.7,81.6,0.002,100.0,4.17,rain,0.0,0.0,14.3,7.8,28.1,1009.2,55.2,5.7,226.5,19.4,8.0,30.0,2024-12-08T06:10:44,2024-12-08T17:54:37,0.25,"Rain, Partially cloudy",Partly cloudy throughout the day with morning rain.,rain,"43450099999,43467099999,43486099999,43466099999"
"Colombo, Western, Sri Lanka",2024-12-09,91.2,74.9,81.4,97.4,74.9,84.8,73.6,79.2,0.0,0.0,0.0,,0.0,0.0,19.9,11.0,14.9,1008.9,35.5,5.2,252.8,21.8,9.0,30.0,2024-12-09T06:11:14,2024-12-09T17:55:01,0.28,Partially cloudy,Becoming cloudy in the afternoon.,partly-cloudy-day,"43450099999,43467099999,43486099999,remote,43466099999"
"Colombo, Western, Sri Lanka",2024-12-10,89.4,73.5,81.1,97.1,73.5,85.0,72.9,77.5,0.0,0.0,0.0,rain,0.0,0.0,24.2,12.6,2.9,1008.6,27.1,5.1,226.7,19.6,8.0,30.0,2024-12-10T06:11:44,2024-12-10T17:55:25,0.32,Partially cloudy,Partly cloudy throughout the day.,partly-cloudy-day,"43450099999,43467099999,43486099999,43466099999"
"Colombo, Western, Sri Lanka",2024-12-11,87.9,75.3,81.2,98.4,75.3,85.6,74.9,82.2,0.0,0.0,0.0,rain,0.0,0.0,27.5,13.4,0.1,1007.9,43.5,6.5,158.2,13.6,5.0,30.0,2024-12-11T06:12:14,2024-12-11T17:55:50,0.35,Partially cloudy,Partly cloudy throughout the day.,partly-cloudy-day,"43450099999,43467099999,43486099999,43466099999"
"Colombo, Western, Sri Lanka",2024-12-12,87.6,77.1,80.7,99.6,77.1,84.4,76.6,88.6,0.141,100.0,12.5,rain,0.0,0.0,24.2,8.6,282.2,1007.3,77.1,6.2,150.3,12.9,7.0,30.0,2024-12-12T06:12:45,2024-12-12T17:56:15,0.39,"Rain, Partially cloudy",Partly cloudy throughout the day with a chance of rain throughout the day.,rain,"43450099999,43467099999,43486099999,43466099999"
"Colombo, Western, Sri Lanka",2024-12-13,89.4,78.6,82.4,102.8,78.6,88.1,77.1,85.3,0.012,100.0,8.33,rain,0.0,0.0,16.1,8.3,163.1,1008.7,77.7,6.4,192.8,16.6,8.0,30.0,2024-12-13T06:13:15,2024-12-13T17:56:42,0.43,"Rain, Partially cloudy",Partly cloudy throughout the day with rain.,rain,"43450099999,43467099999,43486099999,43466099999"
"Colombo, Western, Sri Lanka",2024-12-14,87.9,76.8,80.6,99.7,76.8,84.6,76.5,88.4,0.393,100.0,8.33,rain,0.0,0.0,14.1,11.0,346.7,1009.9,76.6,6.0,185.6,16.2,8.0,30.0,2024-12-14T06:13:46,2024-12-14T17:57:08,0.46,"Rain, Partially cloudy",Partly cloudy throughout the day with rain.,rain,"43450099999,43467099999,43486099999,43466099999"
"Colombo, Western, Sri Lanka",2024-12-15,90.8,76.7,82.2,97.3,76.7,85.2,72.9,75.8,0.01,100.0,4.17,rain,0.0,0.0,27.1,13.9,21.2,1009.9,43.6,6.4,238.7,20.7,8.0,10.0,2024-12-15T06:14:17,2024-12-15T17:57:35,0.5,"Rain, Partially cloudy",Partly cloudy throughout the day with morning rain.,rain,"43450099999,43467099999,43486099999,43466099999"
"Colombo, Western, Sri Lanka",2024-12-16,84.0,75.3,79.8,92.4,75.3,82.5,74.8,85.4,0.002,100.0,4.17,rain,0.0,0.0,26.2,13.6,25.7,1009.9,93.8,6.1,82.5,7.1,4.0,10.0,2024-12-16T06:14:47,2024-12-16T17:58:03,0.53,"Rain, Overcast",Cloudy skies throughout the day with early morning rain.,rain,"43450099999,43467099999,43486099999,43466099999,remote"
"Colombo, Western, Sri Lanka",2024-12-17,85.8,75.3,80.2,95.6,75.3,84.1,75.4,85.9,0.017,100.0,4.17,rain,0.0,0.0,25.3,11.2,9.1,1009.2,82.7,5.0,158.1,13.7,6.0,30.0,2024-12-17T06:15:18,2024-12-17T17:58:31,0.56,"Rain, Partially cloudy",Partly cloudy throughout the day with morning rain.,rain,"43450099999,43467099999,43486099999,remote,43466099999"
"Colombo, Western, Sri Lanka",2024-12-18,89.4,75.3,80.9,98.0,75.3,84.5,75.0,83.6,0.001,100.0,4.17,rain,0.0,0.0,19.0,10.5,352.7,1008.7,65.1,6.9,193.0,16.5,7.0,30.0,2024-12-18T06:15:48,2024-12-18T17:59:00,0.59,"Rain, Partially cloudy",Partly cloudy throughout the day with afternoon rain.,rain,"43450099999,43467099999,43486099999,43466099999,remote"
"Colombo, Western, Sri Lanka",2024-12-19,87.9,77.1,81.8,105.5,77.1,88.3,77.0,86.3,0.63,100.0,8.33,rain,0.0,0.0,14.8,8.1,254.2,1009.0,57.5,5.9,206.1,17.8,7.0,30.0,2024-12-19T06:16:18,2024-12-19T17:59:29,0.63,"Rain, Partially cloudy",Partly cloudy throughout the day with rain.,rain,"43450099999,43467099999,43486099999,43466099999,remote"
"Colombo, Western, Sri Lanka",2024-12-20,89.4,77.1,82.8,102.8,77.1,89.8,77.0,83.6,0.023,100.0,12.5,rain,0.0,0.0,18.3,13.9,204.2,1009.2,47.0,6.9,203.3,17.6,8.0,30.0,2024-12-20T06:16:48,2024-12-20T17:59:58,0.66,"Rain, Partially cloudy",Partly cloudy throughout the day with rain in the morning and afternoon.,rain,"43450099999,43467099999,43486099999,43466099999"
"Colombo, Western, Sri Lanka",2024-12-21,87.9,77.1,82.4,102.2,77.1,90.0,77.4,85.6,0.007,100.0,4.17,rain,0.0,0.0,16.8,9.2,252.8,1009.0,62.5,6.7,174.0,14.9,6.0,30.0,2024-12-21T06:17:18,2024-12-21T18:00:28,0.69,"Rain, Partially cloudy",Partly cloudy throughout the day with morning rain.,rain,"43450099999,43467099999,43486099999,43466099999"
"Colombo, Western, Sri Lanka",2024-12-22,90.0,78.9,83.2,106.5,78.9,91.5,77.9,85.1,0.016,100.0,4.17,rain,0.0,0.0,18.6,8.6,324.8,1009.5,56.9,6.4,227.8,19.7,8.0,30.0,2024-12-22T06:17:48,2024-12-22T18:00:58,0.72,"Rain, Partially cloudy",Partly cloudy throughout the day with morning rain.,rain,"43450099999,43467099999,43486099999,43466099999,remote"
"Colombo, Western, Sri Lanka",2024-12-23,91.5,76.1,81.4,96.3,76.1,83.8,73.6,80.1,0.0,0.0,0.0,,0.0,0.0,18.6,8.6,353.1,1009.8,29.8,6.5,255.2,21.9,9.0,10.0,2024-12-23T06:18:18,2024-12-23T18:01:28,0.75,Partially cloudy,Partly cloudy throughout the day.,partly-cloudy-day,"43450099999,43467099999,43486099999,43466099999,VCBI"
"Colombo, Western, Sri Lanka",2024-12-24,88.2,71.7,79.8,94.5,71.7,81.9,71.6,78.5,0.0,0.0,0.0,,0.0,0.0,14.1,8.6,297.2,1010.3,20.7,7.0,249.1,21.5,9.0,10.0,2024-12-24T06:18:47,2024-12-24T18:01:58,0.79,Partially cloudy,Partly cloudy throughout the day.,partly-cloudy-day,"43450099999,43467099999,43486099999,43466099999,remote"
"Colombo, Western, Sri Lanka",2024-12-25,89.0,71.7,80.0,96.1,71.7,82.6,71.8,78.1,0.0,0.0,0.0,,0.0,0.0,15.4,5.8,274.2,1011.1,21.0,6.7,239.5,20.7,9.0,10.0,2024-12-25T06:19:16,2024-12-25T18:02:29,0.82,Partially cloudy,Partly cloudy throughout the day.,partly-cloudy-day,"43450099999,43467099999,43486099999,43466099999,remote"
"Colombo, Western, Sri Lanka",2024-12-26,87.9,71.7,80.6,96.4,71.7,84.2,73.0,79.5,0.004,100.0,4.17,rain,0.0,0.0,15.7,8.8,333.2,1012.0,25.1,6.5,257.8,22.4,9.0,10.0,2024-12-26T06:19:44,2024-12-26T18:03:00,0.85,"Rain, Partially cloudy",Partly cloudy throughout the day with late afternoon rain.,rain,"43450099999,43467099999,43486099999,43466099999,remote"
"Colombo, Western, Sri Lanka",2024-12-27,89.0,75.3,81.5,101.4,75.3,86.0,74.9,81.4,0.004,100.0,4.17,rain,0.0,0.0,13.9,6.9,351.0,1012.3,46.8,6.7,224.7,19.3,8.0,10.0,2024-12-27T06:20:12,2024-12-27T18:03:31,0.88,"Rain, Partially cloudy",Partly cloudy throughout the day with early morning rain.,rain,"43450099999,43467099999,43486099999,remote,43466099999"
"Colombo, Western, Sri Lanka",2024-12-28,90.8,76.8,82.1,99.9,76.8,85.9,73.5,76.7,0.004,100.0,4.17,rain,0.0,0.0,16.8,13.9,6.1,1011.7,59.2,7.0,219.6,18.9,8.0,30.0,2024-12-28T06:20:40,2024-12-28T18:04:02,0.91,"Rain, Partially cloudy",Partly cloudy throughout the day with early morning rain.,rain,"43450099999,43467099999,43486099999,43466099999"
"Colombo, Western, Sri Lanka",2024-12-29,89.7,76.8,82.0,100.1,76.8,86.3,74.0,77.8,0.0,0.0,0.0,rain,0.0,0.0,21.3,15.6,358.4,1011.3,50.8,6.9,237.2,20.5,9.0,30.0,2024-12-29T06:21:07,2024-12-29T18:04:33,0.95,Partially cloudy,Partly cloudy throughout the day.,partly-cloudy-day,"43450099999,43467099999,43486099999,43466099999"
"Colombo, Western, Sri Lanka",2024-12-30,88.2,75.3,81.0,98.0,75.3,84.4,75.4,84.3,0.094,100.0,8.33,rain,0.0,0.0,17.4,12.8,359.9,1010.9,46.3,6.6,178.5,15.3,7.0,30.0,2024-12-30T06:21:34,2024-12-30T18:05:04,0.98,"Rain, Partially cloudy",Partly cloudy throughout the day with rain.,rain,"43450099999,43467099999,43486099999,43466099999"
"Colombo, Western, Sri Lanka",2024-12-31,86.7,77.1,80.9,98.4,77.1,85.3,75.6,84.7,0.0,0.0,0.0,rain,0.0,0.0,19.0,11.4,34.0,1010.2,61.7,6.9,163.9,14.1,7.0,30.0,2024-12-31T06:22:00,2024-12-31T18:05:35,0.0,Partially cloudy,Partly cloudy throughout the day.,partly-cloudy-day,"43450099999,43467099999,43486099999,43466099999"
"Colombo, Western, Sri Lanka",2025-01-01,85.8,75.3,78.2,93.8,75.3,79.6,74.0,87.6,0.004,100.0,4.17,rain,0.0,0.0,27.3,13.9,27.6,1009.8,69.6,7.6,125.0,10.8,5.0,30.0,2025-01-01T06:22:26,2025-01-01T18:06:06,0.05,"Rain, Partially cloudy",Partly cloudy throughout the day with morning rain.,rain,"43450099999,43467099999,43486099999,43466099999,remote"
"Colombo, Western, Sri Lanka",2025-01-02,84.3,75.0,78.7,90.9,75.0,80.1,71.9,80.6,0.067,100.0,4.17,rain,0.0,0.0,25.7,11.4,24.9,1010.6,78.3,5.6,115.8,9.9,6.0,10.0,2025-01-02T06:22:51,2025-01-02T18:06:37,0.08,"Rain, Partially cloudy",Partly cloudy throughout the day with afternoon rain.,rain,"43450099999,43467099999,43486099999,43466099999"
"Colombo, Western, Sri Lanka",2025-01-03,89.4,75.0,81.2,96.5,75.0,83.7,71.0,72.7,0.0,0.0,0.0,rain,0.0,0.0,26.8,12.8,23.3,1010.2,44.3,5.1,190.6,16.4,8.0,10.0,2025-01-03T06:23:16,2025-01-03T18:07:08,0.12,Partially cloudy,Partly cloudy throughout the day.,partly-cloudy-day,"43450099999,43467099999,43486099999,43466099999"
"Colombo, Western, Sri Lanka",2025-01-04,86.1,75.3,80.4,93.7,75.3,83.0,71.0,74.0,0.0,0.0,0.0,rain,0.0,0.0,24.6,10.3,14.4,1010.3,57.1,6.3,217.7,18.7,8.0,10.0,2025-01-04T06:23:40,2025-01-04T18:07:38,0.15,Partially cloudy,Partly cloudy throughout the day.,partly-cloudy-day,"43450099999,43467099999,43486099999,43466099999"
"Colombo, Western, Sri Lanka",2025-01-05,89.4,75.3,80.9,96.5,75.3,83.6,71.7,75.0,0.0,0.0,0.0,,0.0,0.0,20.1,11.4,0.6,1010.6,53.4,6.7,249.6,21.6,9.0,10.0,2025-01-05T06:24:03,2025-01-05T18:08:09,0.19,Partially cloudy,Partly cloudy throughout the day.,partly-cloudy-day,"43450099999,43467099999,43486099999,43466099999"
"Colombo, Western, Sri Lanka",2025-01-06,87.9,73.5,79.9,92.9,73.5,81.5,69.7,72.8,0.0,0.0,0.0,,0.0,0.0,20.4,9.7,3.7,1010.7,50.8,6.9,263.2,22.8,9.0,10.0,2025-01-06T06:24:26,2025-01-06T18:08:39,0.23,Partially cloudy,Partly cloudy throughout the day.,partly-cloudy-day,"43450099999,43467099999,43486099999,43466099999"
"Colombo, Western, Sri Lanka",2025-01-07,88.2,71.7,79.3,96.4,71.7,82.3,72.8,81.9,0.0,0.0,0.0,rain,0.0,0.0,14.5,9.2,4.5,1010.3,26.6,175.3,248.5,21.4,8.0,30.0,2025-01-07T06:24:47,2025-01-07T18:09:09,0.25,Partially cloudy,Partly cloudy throughout the day.,partly-cloudy-day,"43450099999,43467099999,43486099999,43466099999,remote"
"Colombo, Western, Sri Lanka",2025-01-08,87.9,73.5,81.2,96.3,73.5,84.6,72.9,77.4,0.0,0.0,0.0,rain,0.0,0.0,17.9,11.4,359.0,1010.0,30.1,6.9,255.4,22.2,9.0,30.0,2025-01-08T06:25:09,2025-01-08T18:09:39,0.3,Partially cloudy,Partly cloudy throughout the day.,partly-cloudy-day,"43450099999,43467099999,43486099999,43466099999,remote"
"Colombo, Western, Sri Lanka",2025-01-09,89.0,75.3,81.8,100.3,75.3,86.1,72.6,74.5,0.0,0.0,0.0,rain,0.0,0.0,20.8,13.9,10.8,1010.4,57.7,6.5,230.8,19.9,8.0,60.0,2025-01-09T06:25:29,2025-01-09T18:10:09,0.33,Partially cloudy,Partly cloudy throughout the day.,partly-cloudy-day,"43450099999,43467099999,43486099999,43466099999"
"Colombo, Western, Sri Lanka",2025-01-10,89.7,77.1,82.2,102.8,77.1,86.8,74.4,78.3,0.0,0.0,0.0,rain,0.0,0.0,26.2,14.8,25.8,1011.3,55.2,7.4,233.0,20.1,9.0,60.0,2025-01-10T06:25:49,2025-01-10T18:10:38,0.37,Partially cloudy,Partly cloudy throughout the day.,partly-cloudy-day,"43450099999,43467099999,43486099999,remote,43466099999"
"Colombo, Western, Sri Lanka",2025-01-11,86.1,76.8,80.2,91.1,76.8,81.9,71.6,76.2,0.0,0.0,0.0,,0.0,0.0,28.2,14.3,24.3,1011.5,67.2,6.6,171.0,14.6,7.0,30.0,2025-01-11T06:26:08,2025-01-11T18:11:07,0.4,Partially cloudy,Partly cloudy throughout the day.,partly-cloudy-day,"43450099999,43467099999,43486099999,43466099999"
"Colombo, Western, Sri Lanka",2025-01-12,82.5,75.3,77.6,91.1,75.3,78.5,75.1,92.3,0.06,100.0,8.33,rain,0.0,0.0,30.2,18.3,17.5,1010.9,98.3,6.1,102.9,8.8,4.0,30.0,2025-01-12T06:26:26,2025-01-12T18:11:36,0.44,"Rain, Overcast",Cloudy skies throughout the day with rain in the morning and afternoon.,rain,"43450099999,43467099999,43486099999,43466099999,remote"
"Colombo, Western, Sri Lanka",2025-01-13,91.2,73.5,81.0,100.7,73.5,84.7,73.4,79.5,0.001,100.0,4.17,rain,0.0,0.0,20.4,12.8,28.1,1008.9,52.1,6.6,231.1,19.9,8.0,30.0,2025-01-13T06:26:43,2025-01-13T18:12:04,0.48,"Rain, Partially cloudy",Partly cloudy throughout the day with morning rain.,rain,"43450099999,43467099999,43486099999,43466099999"
"Colombo, Western, Sri Lanka",2025-01-14,84.0,75.3,78.6,91.2,75.3,80.1,74.9,89.0,0.029,100.0,4.17,rain,0.0,0.0,19.2,13.0,27.2,1010.3,78.1,7.3,85.0,7.4,5.0,10.0,2025-01-14T06:27:00,2025-01-14T18:12:32,0.5,"Rain, Partially cloudy",Partly cloudy throughout the day with morning rain.,rain,"43450099999,43467099999,43486099999,43466099999,remote"
"Colombo, Western, Sri Lanka",2025-01-15,87.9,75.2,80.4,96.4,75.2,83.5,73.4,81.0,0.002,100.0,4.17,rain,0.0,0.0,23.3,9.2,20.8,1010.6,72.6,7.1,128.3,11.1,5.0,10.0,2025-01-15T06:27:15,2025-01-15T18:12:59,0.54,"Rain, Partially cloudy",Partly cloudy throughout the day with afternoon rain.,rain,"43450099999,43467099999,43486099999,43466099999"
"Colombo, Western, Sri Lanka",2025-01-16,87.2,76.7,80.8,97.4,76.7,84.0,73.8,80.2,0.0,0.0,0.0,rain,0.0,0.0,22.4,16.1,27.7,1010.4,60.2,7.1,133.5,11.3,5.0,30.0,2025-01-16T06:27:30,2025-01-16T18:13:26,0.57,Partially cloudy,Partly cloudy throughout the day.,partly-cloudy-day,"43450099999,43467099999,43486099999,43466099999"
"Colombo, Western, Sri Lanka",2025-01-17,91.2,75.3,81.7,97.1,75.3,84.1,71.6,74.1,0.0,0.0,0.0,,0.0,0.0,32.0,15.0,26.4,1009.0,39.0,5.9,220.8,18.9,8.0,10.0,2025-01-17T06:27:44,2025-01-17T18:13:52,0.61,Partially cloudy,Partly cloudy throughout the day.,partly-cloudy-day,"43450099999,43467099999,43486099999,43466099999"
"Colombo, Western, Sri Lanka",2025-01-18,87.9,75.3,79.9,97.0,75.3,82.5,74.0,83.5,0.019,100.0,4.17,rain,0.0,0.0,26.2,12.8,19.5,1008.6,68.6,6.3,158.5,13.7,6.0,30.0,2025-01-18T06:27:57,2025-01-18T18:14:18,0.64,"Rain, Partially cloudy",Partly cloudy throughout the day with late afternoon rain.,rain,"43450099999,43467099999,43486099999,43466099999"
"Colombo, Western, Sri Lanka",2025-01-19,80.7,75.3,77.0,87.4,75.3,77.5,74.9,93.8,0.456,100.0,12.5,rain,0.0,0.0,22.6,8.1,25.5,1009.5,91.2,6.5,54.9,4.7,2.0,10.0,2025-01-19T06:28:09,2025-01-19T18:14:43,0.67,"Rain, Overcast",Cloudy skies throughout the day with a chance of rain throughout the day.,rain,"43450099999,43467099999,43486099999,43466099999"
"Colombo, Western, Sri Lanka",2025-01-20,89.7,74.9,81.1,100.5,74.9,84.1,73.1,78.6,0.028,100.0,4.17,rain,0.0,0.0,25.5,11.4,21.0,1008.7,66.4,7.1,184.3,16.1,8.0,30.0,2025-01-20T06:28:20,2025-01-20T18:15:08,0.7,"Rain, Partially cloudy",Partly cloudy throughout the day with afternoon rain.,rain,"43450099999,43467099999,43486099999,43466099999"
"Colombo, Western, Sri Lanka",2025-01-21,88.7,75.3,79.6,95.7,75.3,81.2,69.9,72.8,0.038,100.0,8.33,rain,0.0,0.0,25.5,10.7,15.6,1009.1,68.7,7.2,168.6,14.6,7.0,10.0,2025-01-21T06:28:30,2025-01-21T18:15:32,0.74,"Rain, Partially cloudy",Partly cloudy throughout the day with rain in the morning and afternoon.,rain,"43450099999,43467099999,43486099999,43466099999"
"Colombo, Western, Sri Lanka",2025-01-22,80.7,75.3,77.7,85.8,75.3,78.2,72.2,83.8,0.002,100.0,4.17,rain,0.0,0.0,19.5,8.1,34.4,1009.5,72.5,5.9,93.0,8.1,5.0,10.0,2025-01-22T06:28:39,2025-01-22T18:15:56,0.75,"Rain, Partially cloudy",Partly cloudy throughout the day with afternoon rain.,rain,"43450099999,43467099999,43486099999,43466099999"
"Colombo, Western, Sri Lanka",2025-01-23,89.7,73.5,79.2,100.5,73.5,81.2,73.5,83.9,0.21,100.0,8.33,rain,0.0,0.0,13.4,9.2,37.0,1008.8,64.5,8.6,232.3,19.8,8.0,10.0,2025-01-23T06:28:47,2025-01-23T18:16:19,0.8,"Rain, Partially cloudy",Partly cloudy throughout the day with rain in the morning and afternoon.,rain,"43450099999,43467099999,43486099999,43466099999,remote"
"Colombo, Western, Sri Lanka",2025-01-24,81.7,74.4,76.3,85.2,74.4,76.6,71.1,84.4,0.0,0.0,0.0,rain,0.0,0.0,15.2,16.1,25.2,1009.2,77.8,6.3,146.9,12.6,7.0,10.0,2025-01-24T06:28:55,2025-01-24T18:16:41,0.83,Partially cloudy,Partly cloudy throughout the day.,partly-cloudy-day,"43450099999,43467099999,43486099999,43466099999"
"Colombo, Western, Sri Lanka",2025-01-25,86.4,74.1,79.3,94.1,74.1,81.0,71.1,77.3,0.121,100.0,4.17,rain,0.0,0.0,21.9,12.8,24.3,1008.9,80.1,6.5,152.5,13.0,6.0,30.0,2025-01-25T06:29:01,2025-01-25T18:17:03,0.86,"Rain, Partially cloudy",Partly cloudy throughout the day with morning rain.,rain,"43450099999,43467099999,43486099999,43466099999"
"Colombo, Western, Sri Lanka",2025-01-26,89.0,75.5,81.3,95.0,75.5,83.9,71.4,73.1,0.001,100.0,4.17,rain,0.0,0.0,21.9,12.8,35.1,1008.5,50.6,5.7,187.5,16.1,7.0,30.0,2025-01-26T06:29:06,2025-01-26T18:17:24,0.9,"Rain, Partially cloudy",Partly cloudy throughout the day with afternoon rain.,rain,"43450099999,43467099999,43486099999,43466099999"
"Colombo, Western, Sri Lanka",2025-01-27,87.2,75.4,80.2,90.5,75.4,81.3,66.4,64.0,0.0,0.0,0.0,,0.0,0.0,23.9,10.3,32.1,1008.5,51.3,6.2,158.5,13.7,6.0,10.0,2025-01-27T06:29:11,2025-01-27T18:17:45,0.93,Partially cloudy,Partly cloudy throughout the day.,partly-cloudy-day,"43450099999,43467099999,43486099999,43466099999"
"Colombo, Western, Sri Lanka",2025-01-28,83.4,73.5,78.7,87.4,73.5,80.0,68.7,72.2,0.0,0.0,0.0,rain,0.0,0.0,22.4,10.3,27.4,1009.9,78.9,4.2,92.6,8.0,4.0,10.0,2025-01-28T06:29:14,2025-01-28T18:18:04,0.96,Partially cloudy,Partly cloudy throughout the day.,partly-cloudy-day,"43450099999,43467099999,43486099999,43466099999"
"Colombo, Western, Sri Lanka",2025-01-29,87.9,76.4,79.9,98.0,76.4,82.2,70.6,73.7,0.007,100.0,4.17,rain,0.0,0.0,23.0,11.4,25.1,1009.7,78.2,4.6,189.3,16.2,7.0,30.0,2025-01-29T06:29:17,2025-01-29T18:18:24,0.0,"Rain, Partially cloudy",Partly cloudy throughout the day with afternoon rain.,rain,"43450099999,43467099999,43486099999,43466099999"
"Colombo, Western, Sri Lanka",2025-01-30,87.9,75.3,80.8,98.4,75.3,84.6,74.2,81.0,0.124,100.0,8.33,rain,0.0,0.0,19.5,9.2,1.3,1009.3,64.9,5.8,192.7,16.6,8.0,75.0,2025-01-30T06:29:18,2025-01-30T18:18:42,0.03,"Rain, Partially cloudy",Partly cloudy throughout the day with rain clearing later.,rain,"43450099999,43467099999,43486099999,43466099999"
"Colombo, Western, Sri Lanka",2025-01-31,89.7,77.1,81.6,101.7,77.1,85.7,74.3,79.6,0.035,100.0,4.17,rain,0.0,0.0,12.5,5.8,25.2,1008.9,50.0,6.8,226.4,19.6,9.0,60.0,2025-01-31T06:29:19,2025-01-31T18:19:00,0.06,"Rain, Partially cloudy",Partly cloudy throughout the day with afternoon rain.,rain,"43450099999,43467099999,43486099999,43466099999"
"Colombo, Western, Sri Lanka",2025-02-01,88.9,75.3,82.2,100.0,75.3,86.2,73.1,75.5,0.003,100.0,4.17,rain,0.0,0.0,17.0,6.0,3.5,1009.7,45.2,7.4,245.2,21.1,9.0,30.0,2025-02-01T06:29:18,2025-02-01T18:19:17,0.1,"Rain, Partially cloudy",Partly cloudy throughout the day with morning rain.,rain,"43450099999,43467099999,43486099999,43466099999,remote"
"Colombo, Western, Sri Lanka",2025-02-02,92.5,73.5,82.9,100.0,73.5,84.7,68.5,64.7,0.0,0.0,0.0,,0.0,0.0,15.7,11.4,40.4,1009.2,31.4,7.2,278.5,24.1,10.0,30.0,2025-02-02T06:29:17,2025-02-02T18:19:33,0.13,Partially cloudy,Partly cloudy throughout the day.,partly-cloudy-day,"43450099999,43467099999,43486099999,43466099999"
"Colombo, Western, Sri Lanka",2025-02-03,89.7,75.2,82.3,96.6,75.2,84.8,68.5,64.0,0.0,0.0,0.0,,0.0,0.0,17.0,6.5,6.1,1010.6,40.0,7.1,262.9,22.6,9.0,10.0,2025-02-03T06:29:15,2025-02-03T18:19:49,0.17,Partially cloudy,Partly cloudy throughout the day.,partly-cloudy-day,"43450099999,43467099999,43486099999,43466099999"
"Colombo, Western, Sri Lanka",2025-02-04,88.5,72.8,80.3,95.8,72.8,82.6,68.9,69.2,0.0,0.0,0.0,,0.0,0.0,16.8,6.1,306.7,1010.6,37.0,6.1,273.6,23.5,9.0,10.0,2025-02-04T06:29:12,2025-02-04T18:20:04,0.2,Partially cloudy,Partly cloudy throughout the day.,partly-cloudy-day,"43450099999,43467099999,43486099999,43466099999"
"Colombo, Western, Sri Lanka",2025-02-05,89.7,73.5,81.5,95.0,73.5,83.9,70.1,70.4,0.0,0.0,0.0,rain,0.0,0.0,18.1,10.3,13.4,1009.6,43.1,5.2,203.9,17.5,9.0,30.0,2025-02-05T06:29:07,2025-02-05T18:20:19,0.25,Partially cloudy,Partly cloudy throughout the day.,partly-cloudy-day,"43450099999,43467099999,43486099999,43466099999"
"Colombo, Western, Sri Lanka",2025-02-06,89.7,73.5,82.1,98.8,73.5,85.6,71.0,70.5,0.0,0.0,0.0,,0.0,0.0,14.3,6.9,8.2,1008.9,18.6,4.9,255.5,22.0,9.0,30.0,2025-02-06T06:29:02,2025-02-06T18:20:32,0.28,Clear,Clear conditions throughout the day.,clear-day,"43450099999,43467099999,43486099999,43466099999"
"Colombo, Western, Sri Lanka",2025-02-07,89.8,75.3,82.6,95.2,75.3,84.7,68.5,63.9,0.0,0.0,0.0,,0.0,0.0,18.8,11.4,16.0,1010.2,31.1,5.1,278.2,24.1,10.0,10.0,2025-02-07T06:28:56,2025-02-07T18:20:45,0.31,Partially cloudy,Partly cloudy throughout the day.,partly-cloudy-day,"43450099999,43467099999,43486099999,43466099999"
"Colombo, Western, Sri Lanka",2025-02-08,93.2,73.6,82.8,95.4,73.6,83.0,61.6,51.2,0.0,0.0,0.0,,0.0,0.0,20.4,10.2,31.4,1010.1,26.9,6.2,269.8,23.3,9.0,10.0,2025-02-08T06:28:49,2025-02-08T18:20:57,0.35,Partially cloudy,Partly cloudy throughout the day.,partly-cloudy-day,"43450099999,43467099999,43486099999,43466099999"
"Colombo, Western, Sri Lanka",2025-02-09,93.0,73.6,82.5,96.2,73.6,83.1,64.8,57.7,0.0,0.0,0.0,,0.0,0.0,25.3,13.9,34.2,1009.6,32.1,5.5,274.3,23.7,10.0,10.0,2025-02-09T06:28:42,2025-02-09T18:21:09,0.38,Partially cloudy,Partly cloudy throughout the day.,partly-cloudy-day,"43450099999,43467099999,43486099999,43466099999"
"Colombo, Western, Sri Lanka",2025-02-10,90.0,69.9,81.3,95.0,69.9,82.8,65.9,61.4,0.0,0.0,0.0,rain,0.0,0.0,19.0,12.5,3.2,1011.3,20.2,6.6,280.7,24.2,10.0,10.0,2025-02-10T06:28:33,2025-02-10T18:21:20,0.42,Partially cloudy,Partly cloudy throughout the day.,partly-cloudy-day,"43450099999,43467099999,43486099999,43466099999,remote"
"Colombo, Western, Sri Lanka",2025-02-11,91.5,75.3,82.9,100.4,75.3,86.2,70.6,67.9,0.0,0.0,0.0,rain,0.0,0.0,19.0,9.9,10.0,1011.6,32.4,6.9,284.2,24.5,10.0,30.0,2025-02-11T06:28:23,2025-02-11T18:21:30,0.45,Partially cloudy,Partly cloudy throughout the day.,partly-cloudy-day,"43450099999,43467099999,43486099999,43466099999"
"Colombo, Western, Sri Lanka",2025-02-12,89.7,77.1,83.3,102.4,77.1,88.4,73.3,72.4,0.0,0.0,0.0,,0.0,0.0,13.6,5.8,343.5,1011.0,41.0,7.5,254.9,22.0,9.0,60.0,2025-02-12T06:28:13,2025-02-12T18:21:39,0.5,Partially cloudy,Partly cloudy throughout the day.,partly-cloudy-day,"43450099999,43467099999,43486099999,remote,43466099999"
"Colombo, Western, Sri Lanka",2025-02-13,89.4,77.1,82.5,100.0,77.1,85.8,70.8,68.6,0.0,0.0,0.0,,0.0,0.0,18.6,9.2,347.5,1011.2,36.7,7.2,263.5,22.7,10.0,10.0,2025-02-13T06:28:01,2025-02-13T18:21:48,0.52,Partially cloudy,Partly cloudy throughout the day.,partly-cloudy-day,"43450099999,43467099999,43486099999,43466099999"
"Colombo, Western, Sri Lanka",2025-02-14,87.9,73.5,80.8,94.4,73.5,82.9,69.9,70.3,0.0,0.0,0.0,rain,0.0,0.0,15.0,7.1,325.1,1011.5,31.6,6.5,260.0,22.4,9.0,10.0,2025-02-14T06:27:49,2025-02-14T18:21:56,0.55,Partially cloudy,Partly cloudy throughout the day.,partly-cloudy-day,"43450099999,43467099999,43486099999,43466099999"
"Colombo, Western, Sri Lanka",2025-02-15,89.4,73.5,82.0,98.0,73.5,84.5,69.1,66.7,0.0,0.0,0.0,,0.0,0.0,17.2,13.9,327.9,1010.3,17.8,7.0,271.6,23.5,9.0,10.0,2025-02-15T06:27:36,2025-02-15T18:22:04,0.59,Clear,Clear conditions throughout the day.,clear-day,"43450099999,43467099999,43486099999,43466099999"
"Colombo, Western, Sri Lanka",2025-02-16,88.6,75.3,82.4,98.0,75.3,86.6,71.7,71.0,0.0,0.0,0.0,,0.0,0.0,17.0,8.1,305.6,1010.5,15.9,7.8,263.5,22.9,9.0,10.0,2025-02-16T06:27:23,2025-02-16T18:22:11,0.62,Clear,Clear conditions throughout the day.,clear-day,"43450099999,43467099999,43486099999,43466099999,remote"
"Colombo, Western, Sri Lanka",2025-02-17,90.0,75.3,82.9,98.8,75.3,86.3,70.9,68.6,0.0,0.0,0.0,,0.0,0.0,20.8,6.9,340.9,1011.6,33.0,6.5,282.0,24.5,10.0,10.0,2025-02-17T06:27:08,2025-02-17T18:22:17,0.65,Partially cloudy,Partly cloudy throughout the day.,partly-cloudy-day,"43450099999,43467099999,43486099999,43466099999"
"Colombo, Western, Sri Lanka",2025-02-18,89.7,75.3,82.6,100.5,75.3,86.4,71.2,69.4,0.0,0.0,0.0,rain,0.0,0.0,14.1,6.3,342.5,1011.9,35.5,5.6,272.6,23.5,9.0,10.0,2025-02-18T06:26:53,2025-02-18T18:22:22,0.68,Partially cloudy,Partly cloudy throughout the day.,partly-cloudy-day,"43450099999,43467099999,43486099999,43466099999"
"Colombo, Western, Sri Lanka",2025-02-19,88.2,75.3,82.8,98.4,75.3,86.2,71.1,68.8,0.0,0.0,0.0,,0.0,0.0,16.8,6.7,335.7,1010.6,36.8,5.7,267.4,23.3,9.0,10.0,2025-02-19T06:26:36,2025-02-19T18:22:27,0.72,Partially cloudy,Partly cloudy throughout the day.,partly-cloudy-day,"43450099999,43467099999,43486099999,43466099999"
"Colombo, Western, Sri Lanka",2025-02-20,91.2,75.3,83.2,98.1,75.3,86.1,69.7,65.2,0.0,0.0,0.0,,0.0,0.0,15.0,7.6,329.7,1011.3,22.4,6.1,279.7,24.2,10.0,10.0,2025-02-20T06:26:20,2025-02-20T18:22:32,0.75,Partially cloudy,Partly cloudy throughout the day.,partly-cloudy-day,"43450099999,43467099999,43486099999,43466099999"
"Colombo, Western, Sri Lanka",2025-02-21,91.2,76.2,83.7,99.1,76.2,88.4,71.9,69.3,0.0,0.0,0.0,,0.0,0.0,19.7,8.4,286.0,1011.9,28.5,7.6,271.6,23.5,9.0,10.0,2025-02-21T06:26:02,2025-02-21T18:22:36,0.78,Partially cloudy,Partly cloudy throughout the day.,partly-cloudy-day,"43450099999,43467099999,43486099999,remote,43466099999"
"Colombo, Western, Sri Lanka",2025-02-22,91.2,73.5,82.5,102.5,73.5,86.1,72.2,73.2,0.0,0.0,0.0,rain,0.0,0.0,15.2,11.4,338.7,1012.6,32.6,6.5,271.9,23.5,9.0,10.0,2025-02-22T06:25:44,2025-02-22T18:22:39,0.81,Partially cloudy,Partly cloudy throughout the day.,partly-cloudy-day,"43450099999,43467099999,43486099999,43466099999"
"Colombo, Western, Sri Lanka",2025-02-23,90.0,75.3,82.9,100.9,75.3,86.9,71.0,68.5,0.0,0.0,0.0,rain,0.0,0.0,20.8,9.2,310.8,1012.4,28.9,6.5,296.7,25.7,10.0,30.0,2025-02-23T06:25:25,2025-02-23T18:22:41,0.85,Partially cloudy,Partly cloudy throughout the day.,partly-cloudy-day,"43450099999,43467099999,43486099999,43466099999"
"Colombo, Western, Sri Lanka",2025-02-24,92.1,73.5,83.5,100.2,73.5,87.7,70.8,66.9,0.0,0.0,0.0,,0.0,0.0,19.2,9.4,326.0,1011.6,30.0,6.5,296.2,25.6,10.0,30.0,2025-02-24T06:25:05,2025-02-24T18:22:43,0.88,Partially cloudy,Partly cloudy throughout the day.,partly-cloudy-day,"43450099999,43467099999,43486099999,43466099999"
"Colombo, Western, Sri Lanka",2025-02-25,93.2,77.1,83.9,101.2,77.1,88.0,71.8,68.3,0.007,100.0,4.17,rain,0.0,0.0,23.5,9.2,23.9,1011.8,56.5,6.8,276.4,23.9,9.0,60.0,2025-02-25T06:24:45,2025-02-25T18:22:45,0.91,"Rain, Partially cloudy",Becoming cloudy in the afternoon with early morning rain.,rain,"43450099999,43467099999,43486099999,43466099999"
"Colombo, Western, Sri Lanka",2025-02-26,92.5,77.2,84.2,100.4,77.2,88.1,70.9,65.6,0.0,0.0,0.0,,0.0,0.0,24.8,9.2,41.3,1011.3,54.6,6.8,252.2,21.8,8.0,60.0,2025-02-26T06:24:24,2025-02-26T18:22:46,0.94,Partially cloudy,Partly cloudy throughout the day.,partly-cloudy-day,"43450099999,43467099999,43486099999,43466099999"
"Colombo, Western, Sri Lanka",2025-02-27,90.0,78.2,82.6,96.8,78.2,86.8,72.9,73.3,0.0,0.0,0.0,rain,0.0,0.0,22.6,10.3,45.6,1010.2,68.5,7.1,210.2,18.2,7.0,60.0,2025-02-27T06:24:02,2025-02-27T18:22:46,0.98,Partially cloudy,Partly cloudy throughout the day.,partly-cloudy-day,"43450099999,43467099999,43486099999,43466099999"
"Colombo, Western, Sri Lanka",2025-02-28,86.8,77.1,80.1,94.2,77.1,81.9,73.8,81.9,0.01,100.0,4.17,rain,0.0,0.0,21.7,5.4,66.2,1009.9,83.1,8.6,125.4,11.0,7.0,30.0,2025-02-28T06:23:40,2025-02-28T18:22:46,0.0,"Rain, Partially cloudy",Partly cloudy throughout the day with morning rain.,rain,"43450099999,43467099999,43486099999,43466099999,remote"
"Colombo, Western, Sri Lanka",2025-03-01,89.0,76.4,80.0,101.9,76.4,82.5,73.8,82.2,0.005,100.0,4.17,rain,0.0,0.0,13.8,8.1,115.8,1009.5,80.3,7.2,122.0,10.6,5.0,30.0,2025-03-01T06:23:18,2025-03-01T18:22:46,0.04,"Rain, Partially cloudy",Partly cloudy throughout the day with afternoon rain.,rain,"43450099999,43467099999,43486099999,remote,43466099999"
"Colombo, Western, Sri Lanka",2025-03-02,88.7,75.3,80.1,101.8,75.3,83.1,72.9,79.9,0.15,100.0,12.5,rain,0.0,0.0,19.4,9.0,247.2,1009.6,55.9,6.6,226.7,19.6,9.0,10.0,2025-03-02T06:22:54,2025-03-02T18:22:45,0.08,"Rain, Partially cloudy",Becoming cloudy in the afternoon with rain in the morning and afternoon.,rain,"43450099999,43467099999,43486099999,43466099999"
"Colombo, Western, Sri Lanka",2025-03-03,87.2,75.3,80.3,93.8,75.3,83.5,74.5,83.5,1.592,100.0,4.17,rain,0.0,0.0,17.0,6.9,38.7,1009.8,76.9,7.4,213.8,18.5,8.0,30.0,2025-03-03T06:22:31,2025-03-03T18:22:44,0.11,"Rain, Partially cloudy",Partly cloudy throughout the day with morning rain.,rain,"43450099999,43467099999,43486099999,43466099999"
"Colombo, Western, Sri Lanka",2025-03-04,86.1,75.9,81.2,97.4,75.9,85.3,73.7,78.9,0.113,100.0,4.17,rain,0.0,0.0,12.5,6.3,252.5,1009.4,59.7,6.3,244.8,21.1,9.0,30.0,2025-03-04T06:22:06,2025-03-04T18:22:42,0.15,"Rain, Partially cloudy",Partly cloudy throughout the day with morning rain.,rain,"43450099999,43467099999,43486099999,43466099999"
"Colombo, Western, Sri Lanka",2025-03-05,89.7,75.3,82.9,100.9,75.3,87.3,72.9,73.1,0.0,0.0,0.0,rain,0.0,0.0,13.0,7.8,238.9,1009.9,30.1,6.6,277.1,23.8,9.0,30.0,2025-03-05T06:21:42,2025-03-05T18:22:40,0.18,Partially cloudy,Partly cloudy throughout the day.,partly-cloudy-day,"43450099999,43467099999,43486099999,43466099999"
"Colombo, Western, Sri Lanka",2025-03-06,90.8,77.2,82.9,104.9,77.2,87.4,72.9,72.6,0.0,0.0,0.0,,0.0,0.0,14.3,6.2,271.1,1011.0,40.7,6.7,295.7,25.6,10.0,30.0,2025-03-06T06:21:16,2025-03-06T18:22:37,0.25,Partially cloudy,Partly cloudy throughout the day.,partly-cloudy-day,"43450099999,43467099999,43486099999,43466099999"
"Colombo, Western, Sri Lanka",2025-03-07,89.7,76.4,82.7,100.9,76.4,86.8,73.0,73.5,0.0,0.0,0.0,,0.0,0.0,12.8,7.3,247.2,1009.9,32.8,6.2,287.0,24.7,10.0,10.0,2025-03-07T06:20:51,2025-03-07T18:22:34,0.25,Partially cloudy,Partly cloudy throughout the day.,partly-cloudy-day,"43450099999,43467099999,43486099999,43466099999"
"Colombo, Western, Sri Lanka",2025-03-08,89.7,76.8,83.1,98.8,76.8,87.0,71.8,70.1,0.0,0.0,0.0,,0.0,0.0,17.0,12.8,318.1,1008.8,25.3,5.6,285.6,24.7,10.0,10.0,2025-03-08T06:20:25,2025-03-08T18:22:31,0.29,Partially cloudy,Partly cloudy throughout the day.,partly-cloudy-day,"43450099999,43467099999,43486099999,43466099999"
"Colombo, Western, Sri Lanka",2025-03-09,91.2,75.3,82.6,94.9,75.3,83.9,68.5,66.3,0.0,0.0,0.0,,0.0,0.0,13.8,12.8,338.3,1008.4,17.9,6.3,304.5,26.3,10.0,10.0,2025-03-09T06:19:58,2025-03-09T18:22:27,0.32,Clear,Clear conditions throughout the day.,clear-day,"43450099999,43467099999,43486099999,43466099999"
"Colombo, Western, Sri Lanka",2025-03-10,86.1,75.3,80.9,95.4,75.3,84.3,70.5,71.1,0.0,0.0,0.0,,0.0,0.0,23.7,13.9,47.7,1009.3,45.0,5.8,195.9,16.9,8.0,30.0,2025-03-10T06:19:32,2025-03-10T18:22:23,0.36,Partially cloudy,Partly cloudy throughout the day.,partly-cloudy-day,"43450099999,43467099999,43486099999,43466099999"
"Colombo, Western, Sri Lanka",2025-03-11,89.3,75.3,79.8,95.2,75.3,82.5,73.5,82.3,0.0,0.0,0.0,rain,0.0,0.0,20.4,8.1,69.9,1009.6,73.6,6.1,104.9,9.2,4.0,30.0,2025-03-11T06:19:04,2025-03-11T18:22:19,0.39,Partially cloudy,Partly cloudy throughout the day.,partly-cloudy-day,"43450099999,43467099999,43486099999,43466099999"
"Colombo, Western, Sri Lanka",2025-03-12,89.7,73.5,81.8,99.7,73.5,85.4,71.6,73.0,0.05,100.0,4.17,rain,0.0,0.0,12.8,8.1,188.1,1009.9,43.8,6.9,235.1,20.4,9.0,10.0,2025-03-12T06:18:37,2025-03-12T18:22:14,0.43,"Rain, Partially cloudy",Partly cloudy throughout the day with morning rain.,rain,"43450099999,43467099999,43486099999,43466099999"
"Colombo, Western, Sri Lanka",2025-03-13,91.2,78.2,84.0,102.9,78.2,88.9,72.8,70.1,0.041,100.0,4.17,rain,0.0,0.0,12.5,8.8,333.8,1009.7,51.5,7.4,282.7,24.6,10.0,30.0,2025-03-13T06:18:09,2025-03-13T18:22:09,0.46,"Rain, Partially cloudy",Partly cloudy throughout the day with late afternoon rain.,rain,"43450099999,43467099999,43486099999,43466099999"
"Colombo, Western, Sri Lanka",2025-03-14,91.2,78.5,83.8,102.9,78.5,89.5,74.0,73.4,0.0,0.0,0.0,rain,0.0,0.0,13.0,7.1,226.6,1010.2,55.6,6.7,268.9,23.3,9.0,30.0,2025-03-14T06:17:41,2025-03-14T18:22:04,0.5,Partially cloudy,Becoming cloudy in the afternoon.,partly-cloudy-day,"43450099999,43467099999,43486099999,43466099999"
"Colombo, Western, Sri Lanka",2025-03-15,89.7,76.4,82.5,98.8,76.4,85.9,73.0,74.6,0.052,100.0,4.17,rain,0.0,0.0,11.4,8.8,269.0,1010.7,53.4,7.1,275.5,23.7,9.0,10.0,2025-03-15T06:17:13,2025-03-15T18:21:59,0.53,"Rain, Partially cloudy",Partly cloudy throughout the day with morning rain.,rain,"43450099999,43467099999,43486099999,43466099999"
"Colombo, Western, Sri Lanka",2025-03-16,88.4,76.2,80.7,96.2,76.2,83.3,74.8,83.7,0.407,100.0,16.67,rain,0.0,0.0,16.1,6.9,146.7,1011.0,73.8,7.1,163.3,14.2,7.0,30.0,2025-03-16T06:16:44,2025-03-16T18:21:53,0.57,"Rain, Partially cloudy",Partly cloudy throughout the day with rain.,rain,"43450099999,43467099999,43486099999,43466099999"
"Colombo, Western, Sri Lanka",2025-03-17,89.7,75.0,79.9,103.3,75.0,83.2,74.5,84.8,0.007,100.0,4.17,rain,0.0,0.0,12.5,7.8,17.2,1010.8,50.4,6.5,243.1,21.1,9.0,30.0,2025-03-17T06:16:16,2025-03-17T18:21:48,0.6,"Rain, Partially cloudy",Partly cloudy throughout the day with late afternoon rain.,rain,"43450099999,43467099999,43486099999,43466099999"
"Colombo, Western, Sri Lanka",2025-03-18,90.8,75.3,82.3,104.9,75.3,86.7,72.5,73.5,0.0,0.0,0.0,rain,0.0,0.0,15.9,8.3,213.1,1010.8,50.9,7.3,275.0,23.7,10.0,30.0,2025-03-18T06:15:47,2025-03-18T18:21:42,0.63,Partially cloudy,Partly cloudy throughout the day.,partly-cloudy-day,"43450099999,43467099999,43486099999,43466099999"
"Colombo, Western, Sri Lanka",2025-03-19,89.2,76.8,80.9,96.1,76.8,83.8,74.0,80.4,0.004,100.0,4.17,rain,0.0,0.0,11.4,5.1,17.9,1012.4,60.7,7.5,215.0,18.5,9.0,30.0,2025-03-19T06:15:18,2025-03-19T18:21:36,0.66,"Rain, Partially cloudy",Partly cloudy throughout the day with morning rain.,rain,"43450099999,43467099999,43486099999,43466099999"
"Colombo, Western, Sri Lanka",2025-03-20,88.8,75.3,82.0,98.6,75.3,86.1,72.8,75.1,0.541,100.0,4.17,rain,0.0,0.0,15.4,6.0,295.4,1012.7,37.4,7.0,282.9,24.4,10.0,60.0,2025-03-20T06:14:48,2025-03-20T18:21:29,0.7,"Rain, Partially cloudy",Partly cloudy throughout the day with morning rain.,rain,"43450099999,43467099999,43486099999,43466099999"
"Colombo, Western, Sri Lanka",2025-03-21,91.2,78.2,83.9,105.8,78.2,90.7,75.9,78.2,0.0,0.0,0.0,rain,0.0,0.0,14.1,9.9,246.5,1012.4,43.7,6.8,273.0,23.5,10.0,60.0,2025-03-21T06:14:19,2025-03-21T18:21:23,0.73,Partially cloudy,Becoming cloudy in the afternoon.,partly-cloudy-day,"43450099999,43467099999,43486099999,43466099999"
"Colombo, Western, Sri Lanka",2025-03-22,89.7,77.1,82.1,105.4,77.1,86.0,74.3,78.4,2.405,100.0,4.17,rain,0.0,0.0,13.6,9.9,289.0,1012.3,46.6,7.3,264.3,22.9,9.0,30.0,2025-03-22T06:13:50,2025-03-22T18:21:17,0.75,"Rain, Partially cloudy",Partly cloudy throughout the day with morning rain.,rain,"43450099999,43467099999,43486099999,43466099999"
"Colombo, Western, Sri Lanka",2025-03-23,90.8,76.6,83.1,104.9,76.6,88.8,74.0,75.1,0.493,100.0,4.17,rain,0.0,0.0,15.2,6.0,298.2,1011.8,48.9,7.0,285.0,24.7,10.0,60.0,2025-03-23T06:13:20,2025-03-23T18:21:10,0.8,"Rain, Partially cloudy",Clearing in the afternoon with late afternoon rain.,rain,"43450099999,43467099999,43486099999,43466099999"
"Colombo, Western, Sri Lanka",2025-03-24,91.5,76.8,83.6,106.3,76.8,89.8,75.2,77.2,0.003,100.0,4.17,rain,0.0,0.0,11.6,6.9,232.8,1010.7,44.9,7.0,286.1,24.7,10.0,30.0,2025-03-24T06:12:51,2025-03-24T18:21:04,0.83,"Rain, Partially cloudy",Partly cloudy throughout the day with late afternoon rain.,rain,"43450099999,43467099999,43486099999,43466099999"
"Colombo, Western, Sri Lanka",2025-03-25,89.7,77.1,81.6,106.0,77.1,85.7,73.8,78.1,0.0,0.0,0.0,rain,0.0,0.0,16.3,7.5,64.3,1009.2,48.7,6.7,275.9,23.7,9.0,60.0,2025-03-25T06:12:21,2025-03-25T18:20:57,0.86,Partially cloudy,Becoming cloudy in the afternoon.,partly-cloudy-day,"43450099999,43467099999,43486099999,43466099999"
"Colombo, Western, Sri Lanka",2025-03-26,90.8,75.3,82.5,103.3,75.3,86.7,72.9,74.1,0.071,100.0,8.33,rain,0.0,0.0,15.4,9.2,208.4,1008.6,50.7,7.8,242.5,20.9,9.0,30.0,2025-03-26T06:11:51,2025-03-26T18:20:51,0.89,"Rain, Partially cloudy",Partly cloudy throughout the day with late afternoon rain.,rain,"43450099999,43467099999,43486099999,43466099999,remote"
"Colombo, Western, Sri Lanka",2025-03-27,90.8,75.3,83.0,104.9,75.3,88.8,74.9,78.0,0.055,100.0,8.33,rain,0.0,0.0,15.4,8.8,291.4,1008.5,48.8,6.2,265.9,23.0,9.0,30.0,2025-03-27T06:11:22,2025-03-27T18:20:44,0.93,"Rain, Partially cloudy",Partly cloudy throughout the day with rain in the morning and afternoon.,rain,"43450099999,43467099999,43486099999,43466099999"
"Colombo, Western, Sri Lanka",2025-03-28,90.8,78.1,84.3,104.9,78.1,90.8,74.0,71.9,0.0,0.0,0.0,rain,0.0,0.0,14.3,8.6,256.8,1007.9,61.4,10.1,262.0,22.7,9.0,30.0,2025-03-28T06:10:52,2025-03-28T18:20:38,0.96,Partially cloudy,Clearing in the afternoon.,partly-cloudy-day,"43450099999,43467099999,43486099999,43466099999,remote"
"Colombo, Western, Sri Lanka",2025-03-29,89.8,73.8,83.6,103.7,73.8,89.5,73.9,73.8,0.22,100.0,4.17,rain,0.0,0.0,13.2,7.8,291.0,1007.5,42.1,6.6,266.6,23.0,9.0,30.0,2025-03-29T06:10:23,2025-03-29T18:20:31,0.0,"Rain, Partially cloudy",Becoming cloudy in the afternoon with morning rain.,rain,"43450099999,43467099999,43486099999,43466099999"
"Colombo, Western, Sri Lanka",2025-03-30,89.7,76.8,83.7,100.9,76.8,88.7,73.2,71.8,0.0,0.0,0.0,rain,0.0,0.0,13.6,8.8,267.8,1008.5,38.1,5.9,276.5,23.8,9.0,30.0,2025-03-30T06:09:53,2025-03-30T18:20:24,0.03,Partially cloudy,Partly cloudy throughout the day.,partly-cloudy-day,"43450099999,43467099999,43486099999,43466099999"
"Colombo, Western, Sri Lanka",2025-03-31,91.5,77.1,84.3,102.8,77.1,90.2,73.8,71.8,0.0,0.0,0.0,rain,0.0,0.0,14.3,8.6,278.3,1008.5,46.9,6.8,260.4,22.4,9.0,60.0,2025-03-31T06:09:24,2025-03-31T18:20:18,0.06,Partially cloudy,Partly cloudy throughout the day.,partly-cloudy-day,"43450099999,43467099999,43486099999,43466099999"
"Colombo, Western, Sri Lanka",2025-04-01,92.6,78.9,84.8,106.9,78.9,91.0,74.5,72.9,0.0,0.0,0.0,rain,0.0,0.0,14.8,7.1,192.2,1008.4,50.8,6.8,267.0,22.9,9.0,30.0,2025-04-01T06:08:55,2025-04-01T18:20:12,0.1,Partially cloudy,Partly cloudy throughout the day.,partly-cloudy-day,"43450099999,43467099999,43486099999,43466099999"
"Colombo, Western, Sri Lanka",2025-04-02,91.2,77.1,83.2,107.6,77.1,87.6,72.9,72.2,0.0,0.0,0.0,rain,0.0,0.0,14.7,9.2,136.5,1008.8,51.6,6.7,248.4,21.5,9.0,30.0,2025-04-02T06:08:25,2025-04-02T18:20:05,0.13,Partially cloudy,Partly cloudy throughout the day.,partly-cloudy-day,"43450099999,43467099999,43486099999,43466099999"
"Colombo, Western, Sri Lanka",2025-04-03,91.5,75.3,81.4,108.1,75.3,84.4,73.5,78.7,0.059,100.0,4.17,rain,0.0,0.0,11.9,11.4,120.8,1010.6,54.6,6.6,242.1,20.9,9.0,30.0,2025-04-03T06:07:56,2025-04-03T18:19:59,0.17,"Rain, Partially cloudy",Partly cloudy throughout the day with afternoon rain.,rain,"43450099999,43467099999,43486099999,43466099999"
"Colombo, Western, Sri Lanka",2025-04-04,87.9,76.4,81.4,105.5,76.4,85.8,74.3,80.1,0.056,100.0,4.17,rain,0.0,0.0,13.6,12.8,234.5,1011.1,57.7,6.9,193.1,16.6,8.0,30.0,2025-04-04T06:07:28,2025-04-04T18:19:53,0.2,"Rain, Partially cloudy",Partly cloudy throughout the day with morning rain.,rain,"43450099999,43467099999,43486099999,43466099999,remote"
"Colombo, Western, Sri Lanka",2025-04-05,87.6,75.3,81.6,100.1,75.3,86.1,73.9,78.4,0.046,100.0,4.17,rain,0.0,0.0,12.1,7.8,186.2,1010.5,67.2,6.9,156.6,13.5,7.0,30.0,2025-04-05T06:06:59,2025-04-05T18:19:47,0.25,"Rain, Partially cloudy",Partly cloudy throughout the day with morning rain.,rain,"43450099999,43467099999,43486099999,43466099999"
"Colombo, Western, Sri Lanka",2025-04-06,90.8,76.3,82.8,107.1,76.3,88.1,74.7,77.8,1.44,100.0,12.5,rain,0.0,0.0,14.5,9.9,207.1,1009.4,61.4,6.9,251.7,21.6,9.0,60.0,2025-04-06T06:06:31,2025-04-06T18:19:42,0.27,"Rain, Partially cloudy",Partly cloudy throughout the day with rain.,rain,"43450099999,43467099999,43486099999,43466099999"
"Colombo, Western, Sri Lanka",2025-04-07,89.4,76.7,82.5,105.5,76.7,87.9,74.6,77.9,0.043,100.0,4.17,rain,0.0,0.0,16.6,5.8,208.7,1009.1,58.7,7.5,214.1,18.6,7.0,60.0,2025-04-07T06:06:03,2025-04-07T18:19:36,0.3,"Rain, Partially cloudy",Partly cloudy throughout the day with afternoon rain.,rain,"43450099999,43467099999,43486099999,43466099999"
"Colombo, Western, Sri Lanka",2025-04-08,91.5,77.0,83.9,108.1,77.0,89.6,73.2,71.3,0.0,0.0,0.0,rain,0.0,0.0,13.9,6.9,264.2,1009.7,42.6,7.1,250.5,21.6,9.0,60.0,2025-04-08T06:05:35,2025-04-08T18:19:31,0.34,Partially cloudy,Partly cloudy throughout the day.,partly-cloudy-day,"43450099999,43467099999,43486099999,43466099999"
"Colombo, Western, Sri Lanka",2025-04-09,88.0,78.9,82.9,102.6,78.9,88.2,74.0,75.3,0.034,100.0,4.17,rain,0.0,0.0,17.4,8.1,199.9,1010.0,61.7,6.9,227.1,19.5,9.0,30.0,2025-04-09T06:05:07,2025-04-09T18:19:26,0.37,"Rain, Partially cloudy",Partly cloudy throughout the day with morning rain.,rain,"43450099999,43467099999,43486099999,43466099999"
"Colombo, Western, Sri Lanka",2025-04-10,87.2,77.1,81.5,100.0,77.1,86.5,75.9,83.9,0.287,100.0,20.83,rain,0.0,0.0,19.7,8.1,179.1,1009.0,72.1,6.6,134.9,11.9,5.0,60.0,2025-04-10T06:04:40,2025-04-10T18:19:21,0.41,"Rain, Partially cloudy",Partly cloudy throughout the day with rain in the morning and afternoon.,rain,"43450099999,43467099999,43486099999,remote,43466099999"
"Colombo, Western, Sri Lanka",2025-04-11,88.1,78.9,83.3,100.6,78.9,89.1,73.9,74.0,0.03,100.0,4.17,rain,0.0,0.0,22.8,6.9,191.3,1009.3,64.5,6.8,168.7,14.6,7.0,60.0,2025-04-11T06:04:13,2025-04-11T18:19:16,0.44,"Rain, Partially cloudy",Partly cloudy throughout the day with morning rain.,rain,"43450099999,43467099999,43486099999,43466099999"
"Colombo, Western, Sri Lanka",2025-04-12,90.8,76.4,83.8,104.9,76.4,90.0,74.5,74.6,0.111,100.0,8.33,rain,0.0,0.0,22.8,10.7,221.6,1009.4,44.5,7.4,249.2,21.6,9.0,60.0,2025-04-12T06:03:46,2025-04-12T18:19:12,0.47,"Rain, Partially cloudy",Partly cloudy throughout the day with morning rain.,rain,"43450099999,43467099999,43486099999,43466099999"
"Colombo, Western, Sri Lanka",2025-04-13,90.8,77.3,84.0,107.7,77.3,90.7,75.3,76.0,0.077,100.0,12.5,rain,0.0,0.0,19.2,7.1,217.0,1009.5,57.4,7.4,243.7,21.0,9.0,60.0,2025-04-13T06:03:20,2025-04-13T18:19:08,0.5,"Rain, Partially cloudy",Partly cloudy throughout the day with morning rain.,rain,"43450099999,43467099999,43486099999,43466099999"
"Colombo, Western, Sri Lanka",2025-04-14,91.2,76.8,84.9,108.2,76.8,94.7,76.8,77.8,0.022,100.0,4.17,rain,0.0,0.0,16.6,7.1,217.7,1008.7,66.6,6.2,235.3,20.3,8.0,60.0,2025-04-14T06:02:54,2025-04-14T18:19:04,0.54,"Rain, Partially cloudy",Partly cloudy throughout the day with morning rain.,rain,"43450099999,43467099999,43486099999,43466099999"
"Colombo, Western, Sri Lanka",2025-04-15,91.2,75.3,83.7,108.2,75.3,90.6,75.8,78.8,0.915,100.0,8.33,rain,0.0,0.0,13.2,6.9,233.2,1008.8,54.7,7.0,255.1,22.2,9.0,60.0,2025-04-15T06:02:29,2025-04-15T18:19:00,0.58,"Rain, Partially cloudy",Partly cloudy throughout the day with rain clearing later.,rain,"43450099999,43467099999,43486099999,43466099999"
"Colombo, Western, Sri Lanka",2025-04-16,91.2,79.2,84.5,103.7,79.2,91.6,74.5,72.6,0.0,0.0,0.0,rain,0.0,0.0,12.8,5.8,242.2,1009.4,48.8,7.0,254.0,21.9,9.0,60.0,2025-04-16T06:02:03,2025-04-16T18:18:57,0.61,Partially cloudy,Partly cloudy throughout the day.,partly-cloudy-day,"43450099999,43467099999,43486099999,43466099999"
"Colombo, Western, Sri Lanka",2025-04-17,91.2,78.9,85.2,108.2,78.9,94.0,76.0,74.8,0.0,0.0,0.0,rain,0.0,0.0,16.6,7.1,246.4,1008.8,54.6,6.5,248.8,21.6,8.0,60.0,2025-04-17T06:01:39,2025-04-17T18:18:54,0.64,Partially cloudy,Partly cloudy throughout the day.,partly-cloudy-day,"43450099999,43467099999,43486099999,43466099999"
"Colombo, Western, Sri Lanka",2025-04-18,91.2,80.7,85.7,108.2,89.2,94.4,75.0,71.1,0.0,0.0,0.0,rain,0.0,0.0,15.7,8.1,216.0,1009.0,59.1,7.0,264.3,22.8,9.0,60.0,2025-04-18T06:01:15,2025-04-18T18:18:51,0.68,Partially cloudy,Partly cloudy throughout the day.,partly-cloudy-day,"43450099999,43467099999,43486099999,43466099999"
"Colombo, Western, Sri Lanka",2025-04-19,92.6,80.0,85.5,107.4,80.0,93.8,75.0,71.7,0.003,100.0,4.17,rain,0.0,0.0,20.6,7.7,211.9,1008.7,54.5,7.1,253.7,21.8,8.0,60.0,2025-04-19T06:00:51,2025-04-19T18:18:49,0.71,"Rain, Partially cloudy",Partly cloudy throughout the day with early morning rain.,rain,"43450099999,43467099999,43486099999,43466099999"
"Colombo, Western, Sri Lanka",2025-04-20,91.2,80.7,85.2,108.7,86.2,95.5,76.7,76.6,0.007,100.0,4.17,rain,0.0,0.0,19.0,10.1,216.0,1008.6,49.7,7.0,257.0,22.1,9.0,60.0,2025-04-20T06:00:27,2025-04-20T18:18:47,0.75,"Rain, Partially cloudy",Partly cloudy throughout the day with early morning rain.,rain,"43450099999,43467099999,43486099999,43466099999"
"Colombo, Western, Sri Lanka",2025-04-21,89.7,78.9,83.9,106.0,78.9,91.1,76.6,80.1,0.076,100.0,12.5,rain,0.0,0.0,15.9,6.9,201.2,1009.5,58.4,7.0,261.5,22.6,9.0,60.0,2025-04-21T06:00:05,2025-04-21T18:18:46,0.75,"Rain, Partially cloudy",Partly cloudy throughout the day with a chance of rain throughout the day.,rain,"43450099999,43467099999,43486099999,43466099999,remote"
"Colombo, Western, Sri Lanka",2025-04-22,88.2,75.0,82.4,100.6,75.0,87.9,74.5,78.0,0.135,100.0,4.17,rain,0.0,0.0,15.9,6.9,196.6,1011.2,58.1,7.3,251.5,21.7,9.0,60.0,2025-04-22T05:59:42,2025-04-22T18:18:44,0.81,"Rain, Partially cloudy",Partly cloudy throughout the day with morning rain.,rain,"43450099999,43467099999,43486099999,remote,43466099999"
"Colombo, Western, Sri Lanka",2025-04-23,89.7,77.3,82.8,106.0,77.3,89.3,75.7,80.0,0.01,100.0,8.33,rain,0.0,0.0,20.1,8.1,196.2,1010.1,59.9,6.8,240.7,20.7,9.0,60.0,2025-04-23T05:59:21,2025-04-23T18:18:44,0.85,"Rain, Partially cloudy",Partly cloudy throughout the day with morning rain.,rain,"43450099999,43467099999,43486099999,43466099999"
"Colombo, Western, Sri Lanka",2025-04-24,92.3,78.2,84.4,109.8,78.2,91.9,75.5,75.6,0.029,100.0,4.17,rain,0.0,0.0,18.6,9.2,210.5,1009.0,56.3,6.8,259.6,22.4,9.0,60.0,2025-04-24T05:58:59,2025-04-24T18:18:43,0.88,"Rain, Partially cloudy",Partly cloudy throughout the day with morning rain.,rain,"43450099999,43467099999,43486099999,43466099999"
"Colombo, Western, Sri Lanka",2025-04-25,90.2,77.6,83.6,104.4,77.6,90.5,75.3,76.9,0.18,100.0,8.33,rain,0.0,0.0,16.1,8.3,182.6,1008.9,59.0,7.8,242.4,20.8,8.0,60.0,2025-04-25T05:58:39,2025-04-25T18:18:43,0.91,"Rain, Partially cloudy",Partly cloudy throughout the day with morning rain.,rain,"43450099999,43467099999,43486099999,43466099999"
"Colombo, Western, Sri Lanka",2025-04-26,92.6,78.2,84.5,110.3,78.2,92.1,75.4,75.0,0.01,100.0,4.17,rain,0.0,0.0,16.8,8.7,189.1,1008.5,49.8,7.1,241.6,20.9,8.0,60.0,2025-04-26T05:58:18,2025-04-26T18:18:43,0.95,"Rain, Partially cloudy",Partly cloudy throughout the day with afternoon rain.,rain,"43450099999,43467099999,43486099999,43466099999"
"Colombo, Western, Sri Lanka",2025-04-27,89.0,78.9,83.1,100.4,78.9,89.3,74.9,77.0,0.002,100.0,4.17,rain,0.0,0.0,13.2,4.2,196.1,1009.2,64.4,7.2,247.4,21.4,9.0,60.0,2025-04-27T05:57:59,2025-04-27T18:18:44,0.98,"Rain, Partially cloudy",Partly cloudy throughout the day with early morning rain.,rain,"43450099999,43467099999,43486099999,43466099999"
"Colombo, Western, Sri Lanka",2025-04-28,90.8,78.9,83.7,107.7,78.9,90.0,74.5,74.4,0.0,0.0,0.0,rain,0.0,0.0,17.0,9.6,196.1,1008.4,60.2,7.0,258.9,22.4,9.0,30.0,2025-04-28T05:57:40,2025-04-28T18:18:45,0.0,Partially cloudy,Partly cloudy throughout the day.,partly-cloudy-day,"43450099999,43467099999,43486099999,43466099999"
"Colombo, Western, Sri Lanka",2025-04-29,91.2,77.1,84.1,108.2,77.1,90.4,74.6,74.3,0.03,100.0,12.5,rain,0.0,0.0,17.4,11.4,186.8,1007.9,58.5,8.4,228.5,19.8,8.0,60.0,2025-04-29T05:57:21,2025-04-29T18:18:47,0.05,"Rain, Partially cloudy",Partly cloudy throughout the day with rain.,rain,"43450099999,43467099999,43486099999,43466099999"
"Colombo, Western, Sri Lanka",2025-04-30,85.4,78.9,81.3,98.5,78.9,85.8,75.3,82.3,0.016,100.0,4.17,rain,0.0,0.0,23.9,8.9,174.7,1009.0,66.2,7.4,144.4,12.4,6.0,60.0,2025-04-30T05:57:04,2025-04-30T18:18:49,0.08,"Rain, Partially cloudy",Partly cloudy throughout the day with morning rain.,rain,"43450099999,43467099999,43486099999,43466099999,remote"
"Colombo, Western, Sri Lanka",2025-05-01,91.2,77.3,83.3,105.8,77.3,89.1,75.5,78.4,0.209,100.0,4.17,rain,0.0,0.0,17.9,8.1,185.2,1009.6,58.2,7.1,166.0,14.4,7.0,60.0,2025-05-01T05:56:47,2025-05-01T18:18:52,0.12,"Rain, Partially cloudy",Partly cloudy throughout the day with morning rain.,rain,"43450099999,43467099999,43486099999,43466099999"
"Colombo, Western, Sri Lanka",2025-05-02,91.2,78.9,83.9,108.2,78.9,90.7,75.2,76.2,0.0,0.0,0.0,rain,0.0,0.0,15.7,8.1,197.2,1009.7,56.6,7.0,246.7,21.0,9.0,60.0,2025-05-02T05:56:30,2025-05-02T18:18:54,0.15,Partially cloudy,Partly cloudy throughout the day.,partly-cloudy-day,"43450099999,43467099999,43486099999,43466099999"
"Colombo, Western, Sri Lanka",2025-05-03,89.7,78.6,84.1,103.7,78.6,90.5,74.9,74.5,0.16,100.0,8.33,rain,0.0,0.0,16.1,8.3,224.4,1009.4,57.7,7.1,247.0,21.3,8.0,60.0,2025-05-03T05:56:14,2025-05-03T18:18:58,0.18,"Rain, Partially cloudy",Partly cloudy throughout the day with rain clearing later.,rain,"43450099999,43467099999,43486099999,43466099999"
"Colombo, Western, Sri Lanka",2025-05-04,91.2,80.9,86.1,110.2,87.1,99.3,78.5,78.6,0.024,100.0,4.17,rain,0.0,0.0,19.2,10.3,225.7,1007.7,65.4,7.2,253.8,21.8,9.0,60.0,2025-05-04T05:55:59,2025-05-04T18:19:02,0.25,"Rain, Partially cloudy",Partly cloudy throughout the day with morning rain.,rain,"43450099999,43467099999,43486099999,43466099999"
"Colombo, Western, Sri Lanka",2025-05-05,92.6,75.6,85.2,110.8,75.6,97.2,78.8,82.2,0.0,0.0,0.0,rain,0.0,0.0,14.8,10.3,195.3,1007.6,60.7,6.4,295.4,25.4,10.0,75.0,2025-05-05T05:55:45,2025-05-05T18:19:06,0.25,Partially cloudy,Partly cloudy throughout the day.,partly-cloudy-day,"43450099999,43467099999,43486099999,43466099999"
"Colombo, Western, Sri Lanka",2025-05-06,92.6,75.3,83.8,113.5,75.3,93.5,77.7,83.2,1.575,100.0,4.17,rain,0.0,,15.7,10.5,226.7,1008.2,50.5,7.0,289.8,24.9,10.0,75.0,2025-05-06T05:55:31,2025-05-06T18:19:10,0.28,"Rain, Partially cloudy",Partly cloudy throughout the day with early morning rain.,rain,"43450099999,43467099999,43486099999,43466099999"
"Colombo, Western, Sri Lanka",2025-05-07,89.7,78.9,82.8,106.0,78.9,90.1,77.5,84.5,0.079,100.0,8.33,rain,0.0,,20.4,18.8,201.0,1008.0,70.1,7.1,222.5,19.2,9.0,60.0,2025-05-07T05:55:18,2025-05-07T18:19:15,0.32,"Rain, Partially cloudy",Partly cloudy throughout the day with rain.,rain,"43450099999,43467099999,43486099999,remote,43466099999"
"Colombo, Western, Sri Lanka",2025-05-08,88.4,77.1,80.1,102.4,77.1,82.9,76.8,90.5,0.327,100.0,4.17,rain,0.0,,17.2,7.8,161.7,1008.5,75.4,6.0,260.8,22.4,9.0,60.0,2025-05-08T05:55:05,2025-05-08T18:19:21,0.35,"Rain, Partially cloudy",Partly cloudy throughout the day with afternoon rain.,rain,"43450099999,43467099999,43486099999,43466099999"
"Colombo, Western, Sri Lanka",2025-05-09,84.8,77.1,83.8,96.3,77.1,93.1,76.8,79.8,0.056,100.0,41.67,rain,0.0,,13.4,12.8,239.6,1008.7,69.1,14.4,271.5,23.6,10.0,100.0,2025-05-09T05:54:53,2025-05-09T18:19:27,0.38,"Rain, Partially cloudy",Partly cloudy throughout the day with a chance of rain throughout the day.,rain,"43450099999,remote"
"Colombo, Western, Sri Lanka",2025-05-10,85.0,83.0,84.3,95.3,91.1,93.5,76.1,76.4,0.246,100.0,50.0,rain,0.0,,15.7,14.3,239.6,1009.3,69.0,14.0,272.9,23.5,9.0,75.0,2025-05-10T05:54:42,2025-05-10T18:19:33,0.42,"Rain, Partially cloudy",Partly cloudy throughout the day with a chance of rain throughout the day.,rain,remote
"Colombo, Western, Sri Lanka",2025-05-11,85.2,84.5,84.6,93.8,92.2,92.7,74.7,72.2,0.016,100.0,16.67,rain,0.0,,15.0,14.8,241.9,1009.1,54.5,15.0,277.1,23.9,10.0,60.0,2025-05-11T05:54:32,2025-05-11T18:19:40,0.45,"Rain, Partially cloudy",Partly cloudy throughout the day with storms possible.,rain,remote
"Colombo, Western, Sri Lanka",2025-05-12,84.8,83.7,84.3,94.3,92.3,93.4,76.0,76.2,0.324,80.6,95.83,rain,0.0,,21.5,18.3,248.8,1008.3,57.7,12.5,292.1,25.3,10.0,60.0,2025-05-12T05:54:22,2025-05-12T18:19:48,0.5,"Rain, Partially cloudy",Partly cloudy throughout the day with storms possible.,rain,
"Colombo, Western, Sri Lanka",2025-05-13,85.0,83.9,84.5,96.2,93.1,94.8,77.0,78.2,0.422,83.9,83.33,rain,0.0,,22.6,19.5,253.1,1007.9,89.9,13.9,260.1,22.3,9.0,75.0,2025-05-13T05:54:13,2025-05-13T18:19:55,0.52,"Rain, Partially cloudy",Partly cloudy throughout the day with strong storms possible.,rain,
"Colombo, Western, Sri Lanka",2025-05-14,85.0,83.9,84.5,97.7,93.6,95.6,77.8,80.3,0.577,74.2,91.67,rain,0.0,,22.8,19.5,249.7,1008.0,99.0,13.4,127.3,10.9,4.0,100.0,2025-05-14T05:54:05,2025-05-14T18:20:03,0.55,"Rain, Overcast",Cloudy skies throughout the day with strong storms possible.,rain,
"Colombo, Western, Sri Lanka",2025-05-15,84.6,84.1,84.5,96.0,92.9,94.0,76.3,76.7,0.088,54.8,54.17,rain,0.0,,22.1,19.0,242.0,1008.3,98.8,14.8,235.3,20.2,8.0,75.0,2025-05-15T05:53:57,2025-05-15T18:20:12,0.59,"Rain, Overcast",Cloudy skies throughout the day with strong storms possible.,rain,
"Colombo, Western, Sri Lanka",2025-05-16,84.6,83.7,84.3,94.7,92.4,93.5,76.2,76.7,0.163,64.5,20.83,rain,0.0,,21.3,18.3,240.6,1008.1,91.2,14.7,252.3,21.8,8.0,60.0,2025-05-16T05:53:51,2025-05-16T18:20:21,0.62,"Rain, Overcast",Cloudy skies throughout the day with storms possible.,rain,
"Colombo, Western, Sri Lanka",2025-05-17,84.6,83.4,84.2,94.3,92.0,93.5,76.4,77.4,0.205,74.2,33.33,rain,0.0,,21.0,18.3,236.6,1008.3,56.4,13.3,278.3,24.2,9.0,60.0,2025-05-17T05:53:45,2025-05-17T18:20:30,0.66,"Rain, Partially cloudy",Partly cloudy throughout the day with storms possible.,rain,
"Colombo, Western, Sri Lanka",2025-05-18,84.3,83.7,84.1,94.2,90.5,92.2,75.0,74.1,0.076,64.5,16.67,rain,0.0,,20.8,19.2,243.8,1008.3,75.4,15.0,284.0,24.3,9.0,60.0,2025-05-18T05:53:39,2025-05-18T18:20:40,0.69,"Rain, Partially cloudy",Partly cloudy throughout the day with storms possible.,rain,
"Colombo, Western, Sri Lanka",2025-05-19,84.3,83.6,83.8,94.1,92.1,92.8,76.4,78.5,0.55,67.7,33.33,rain,0.0,,23.9,21.3,236.8,1008.3,94.4,11.9,229.3,19.8,8.0,60.0,2025-05-19T05:53:35,2025-05-19T18:20:50,0.73,"Rain, Overcast",Cloudy skies throughout the day with storms possible.,rain,
"Colombo, Western, Sri Lanka",2025-05-20,84.3,83.6,83.9,94.0,92.5,93.3,76.7,78.9,0.611,80.6,33.33,rain,0.0,,22.6,19.7,247.8,1007.6,100.0,12.9,62.6,5.4,2.0,60.0,2025-05-20T05:53:31,2025-05-20T18:21:01,0.75,"Rain, Overcast",Cloudy skies throughout the day with storms possible.,rain,
"Colombo, Western, Sri Lanka",2025-05-21,84.3,83.6,84.0,94.5,92.5,93.9,77.1,79.8,0.574,54.8,33.33,rain,0.0,,25.3,21.9,246.3,1007.2,99.9,14.2,98.5,8.7,3.0,60.0,2025-05-21T05:53:27,2025-05-21T18:21:12,0.8,"Rain, Overcast",Cloudy skies throughout the day with storms possible.,rain,
"Colombo, Western, Sri Lanka",2025-05-22,84.1,83.0,83.5,93.7,91.2,92.0,75.9,78.1,0.956,61.3,33.33,rain,0.0,,17.1,16.1,228.9,1007.2,69.1,12.1,233.8,20.1,9.0,60.0,2025-05-22T05:53:25,2025-05-22T18:21:23,0.83,"Rain, Partially cloudy",Partly cloudy throughout the day with storms possible.,rain,
"Colombo, Western, Sri Lanka",2025-05-23,83.9,82.1,82.9,92.3,89.7,90.8,75.7,78.9,1.524,83.9,33.33,rain,0.0,,22.1,20.1,217.6,1008.8,95.1,8.6,192.4,17.0,6.0,30.0,2025-05-23T05:53:23,2025-05-23T18:21:34,0.87,"Rain, Overcast",Cloudy skies throughout the day with storms possible.,rain,
"Colombo, Western, Sri Lanka",2025-05-24,83.9,81.8,83.2,94.0,89.2,92.1,76.6,80.3,1.139,77.4,33.33,rain,0.0,,21.7,18.1,223.7,1008.8,96.9,11.9,108.0,9.3,4.0,60.0,2025-05-24T05:53:22,2025-05-24T18:21:46,0.9,"Rain, Overcast",Cloudy skies throughout the day with storms possible.,rain,
"Colombo, Western, Sri Lanka",2025-05-25,84.1,83.6,83.8,94.7,92.3,93.4,76.8,79.5,0.418,74.2,33.33,rain,0.0,,22.4,19.0,239.6,1008.3,100.0,14.0,144.5,12.6,5.0,75.0,2025-05-25T05:53:22,2025-05-25T18:21:58,0.94,"Rain, Overcast",Cloudy skies throughout the day with strong storms possible.,rain,
"Colombo, Western, Sri Lanka",2025-05-26,87.5,79.1,83.4,0.0,0.0,101.0,77.1,81.5,0.319,33.3,14.0,,,,,15.9,216.5,1008.4,67.0,7.6,,,,,2025-05-26T05:53:22,2025-05-26T18:22:11,0.97,Partially cloudy,,partly-cloudy-day,
